DROP TABLE IF EXISTS `sys_menu`;
CREATE TABLE `sys_menu` (
  `Id` int(11) NOT NULL AUTO_INCREMENT,
  `parent_id` int(11) NOT NULL DEFAULT '0' COMMENT '父菜单id',
  `name` varchar(255) DEFAULT NULL COMMENT '菜单名称',
  `code` varchar(255) DEFAULT NULL COMMENT '菜单编号',
  `route` varchar(255) DEFAULT NULL COMMENT '菜单跳转路由',
  `order_num` int(4) DEFAULT NULL COMMENT '排序',
  `bdelete` varchar(1) DEFAULT '0',
  PRIMARY KEY (`Id`),
  UNIQUE KEY `uniqueCode` (`code`)
) ENGINE=MyISAM AUTO_INCREMENT=11 DEFAULT CHARSET=utf8 ROW_FORMAT=DYNAMIC COMMENT='会议系统菜单';

INSERT INTO `sys_menu` VALUES (1,0,'项目总览','home','/home',1,'0'),(2,0,'权属人管理','owner','/owner',2,'0'),(3,0,'安置管理','resettle','/resettle',3,'0'),(4,0,'拆运管理','transport','/transport',4,'0'),(5,0,'档案管理','archive','/archive',5,'0'),(6,0,'系统设置','setting','/setting',6,'0'),(7,6,'账户管理','user','/setting/user',1,'0'),(8,6,'权限管理','permission','/setting/permission',2,'0'),(9,6,'账户安全','security','/setting/security',3,'0'),(10,6,'日志审计','log','/setting/log',4,'0');


DROP TABLE IF EXISTS `sys_operating_log`;
CREATE TABLE `sys_operating_log` (
  `Id` int(11) NOT NULL AUTO_INCREMENT,
  `user_code` varchar(255) DEFAULT NULL COMMENT '操作人',
  `type` int(4) DEFAULT NULL COMMENT '操作类型 -1删除  0 修改 1新增',
  `module` varchar(255) DEFAULT NULL COMMENT '操作模块',
  `rmk` varchar(255) DEFAULT NULL COMMENT '备注',
  `time` timestamp NULL DEFAULT CURRENT_TIMESTAMP COMMENT '操作时间',
  `bdelete` char(1) DEFAULT '0',
  PRIMARY KEY (`Id`)
) ENGINE=MyISAM AUTO_INCREMENT=1330 DEFAULT CHARSET=utf8 ROW_FORMAT=COMPACT COMMENT='操作日志';

INSERT INTO `sys_operating_log` VALUES (1,'admin',1,'权属人管理','房屋调查编号:','2021-05-25 10:31:12','0'),(2,'admin',1,'权属人管理','房屋调查编号:B8','2021-05-25 10:31:12','0'),(3,'admin',1,'权属人管理','房屋调查编号:B22','2021-05-25 10:31:12','0'),(4,'admin',1,'权属人管理','房屋调查编号:B9','2021-05-25 10:31:12','0'),(5,'admin',1,'权属人管理','房屋调查编号:B4','2021-05-25 10:31:12','0'),(6,'admin',1,'权属人管理','房屋调查编号:B24','2021-05-25 10:31:12','0'),(7,'admin',1,'权属人管理','房屋调查编号:68+1','2021-05-25 10:31:12','0'),(8,'admin',1,'权属人管理','房屋调查编号:','2021-05-25 10:31:13','0'),(9,'admin',1,'权属人管理','房屋调查编号:81+1','2021-05-25 10:31:13','0'),(10,'admin',1,'权属人管理','房屋调查编号:C39','2021-05-25 10:31:13','0'),(11,'admin',1,'权属人管理','房屋调查编号:C33','2021-05-25 10:31:13','0'),(12,'admin',1,'权属人管理','房屋调查编号:C28','2021-05-25 10:31:13','0'),(13,'admin',1,'权属人管理','房屋调查编号:北49','2021-05-25 10:31:13','0'),(14,'admin',1,'权属人管理','房屋调查编号:北63','2021-05-25 10:31:13','0'),(15,'admin',1,'权属人管理','房屋调查编号:北63+1','2021-05-25 10:31:13','0'),(16,'admin',1,'权属人管理','房屋调查编号:北63+2','2021-05-25 10:31:13','0'),(17,'admin',1,'权属人管理','房屋调查编号:北63+3','2021-05-25 10:31:13','0'),(18,'admin',1,'权属人管理','房屋调查编号:北35+12','2021-05-25 10:31:13','0'),(19,'admin',1,'权属人管理','房屋调查编号:北27','2021-05-25 10:31:13','0'),(20,'admin',1,'权属人管理','房屋调查编号:','2021-05-25 10:31:13','0'),(21,'admin',1,'权属人管理','房屋调查编号:C4','2021-05-25 10:31:13','0'),(22,'admin',1,'权属人管理','房屋调查编号:C9右','2021-05-25 10:31:13','0'),(23,'admin',1,'权属人管理','房屋调查编号:C8','2021-05-25 10:31:13','0'),(24,'admin',1,'权属人管理','房屋调查编号:政17+2','2021-05-25 10:31:13','0'),(25,'admin',1,'权属人管理','房屋调查编号:北20','2021-05-25 10:31:13','0'),(26,'admin',1,'权属人管理','房屋调查编号:政17+1','2021-05-25 10:31:13','0'),(27,'admin',1,'权属人管理','房屋调查编号:北35+1后','2021-05-25 10:31:13','0'),(28,'admin',1,'权属人管理','房屋调查编号:北39后','2021-05-25 10:31:13','0'),(29,'admin',1,'权属人管理','房屋调查编号:北35+1','2021-05-25 10:31:13','0'),(30,'admin',1,'权属人管理','房屋调查编号:B45','2021-05-25 10:31:13','0'),(31,'admin',1,'权属人管理','房屋调查编号:B44','2021-05-25 10:31:13','0'),(32,'admin',1,'权属人管理','房屋调查编号:B42','2021-05-25 10:31:13','0'),(33,'admin',1,'权属人管理','房屋调查编号:','2021-05-25 10:31:13','0'),(34,'admin',1,'权属人管理','房屋调查编号:','2021-05-25 10:31:13','0'),(35,'admin',1,'权属人管理','房屋调查编号:','2021-05-25 10:31:13','0'),(36,'admin',1,'权属人管理','房屋调查编号:C36','2021-05-25 10:31:13','0'),(37,'admin',1,'权属人管理','房屋调查编号:C37','2021-05-25 10:31:13','0'),(38,'admin',1,'权属人管理','房屋调查编号:C42','2021-05-25 10:31:13','0'),(39,'admin',0,'权属人管理','房屋调查编号:C42','2021-05-25 10:31:38','0'),(40,'kfs',0,'权属人管理','房屋调查编号:B4','2021-05-27 03:05:56','0'),(41,'admin',-1,'权属人管理','房屋调查编号:C42','2021-05-27 06:06:11','0'),(42,'admin',-1,'权属人管理','房屋调查编号:C37','2021-05-27 06:06:16','0'),(43,'kfs',-1,'权属人管理','房屋调查编号:C36','2021-05-27 06:07:13','0'),(44,'kfs',-1,'权属人管理','房屋调查编号:','2021-05-27 06:07:17','0'),(45,'kfs',-1,'权属人管理','房屋调查编号:','2021-05-27 06:07:18','0'),(46,'kfs',-1,'权属人管理','房屋调查编号:','2021-05-27 06:07:19','0'),(47,'kfs',-1,'权属人管理','房屋调查编号:B42','2021-05-27 06:07:20','0'),(48,'kfs',-1,'权属人管理','房屋调查编号:B44','2021-05-27 06:07:21','0'),(49,'kfs',-1,'权属人管理','房屋调查编号:B45','2021-05-27 06:07:21','0'),(50,'kfs',-1,'权属人管理','房屋调查编号:北35+1','2021-05-27 06:07:22','0'),(51,'kfs',-1,'权属人管理','房屋调查编号:北39后','2021-05-27 06:07:24','0'),(52,'kfs',-1,'权属人管理','房屋调查编号:北35+1后','2021-05-27 06:07:26','0'),(53,'kfs',-1,'权属人管理','房屋调查编号:政17+1','2021-05-27 06:07:27','0'),(54,'kfs',-1,'权属人管理','房屋调查编号:北20','2021-05-27 06:07:28','0'),(55,'kfs',-1,'权属人管理','房屋调查编号:政17+2','2021-05-27 06:07:29','0'),(56,'kfs',-1,'权属人管理','房屋调查编号:C8','2021-05-27 06:07:30','0'),(57,'kfs',-1,'权属人管理','房屋调查编号:C9右','2021-05-27 06:07:31','0'),(58,'kfs',-1,'权属人管理','房屋调查编号:C4','2021-05-27 06:07:32','0'),(59,'kfs',-1,'权属人管理','房屋调查编号:','2021-05-27 06:07:33','0'),(60,'kfs',-1,'权属人管理','房屋调查编号:北27','2021-05-27 06:07:34','0'),(61,'kfs',-1,'权属人管理','房屋调查编号:北35+12','2021-05-27 06:07:35','0'),(62,'kfs',-1,'权属人管理','房屋调查编号:北63+3','2021-05-27 06:07:36','0'),(63,'kfs',-1,'权属人管理','房屋调查编号:北63+2','2021-05-27 06:07:37','0'),(64,'kfs',-1,'权属人管理','房屋调查编号:北63+1','2021-05-27 06:07:38','0'),(65,'kfs',-1,'权属人管理','房屋调查编号:北63','2021-05-27 06:07:39','0'),(66,'kfs',-1,'权属人管理','房屋调查编号:北49','2021-05-27 06:07:40','0'),(67,'kfs',-1,'权属人管理','房屋调查编号:C28','2021-05-27 06:07:41','0'),(68,'kfs',-1,'权属人管理','房屋调查编号:C33','2021-05-27 06:07:41','0'),(69,'kfs',-1,'权属人管理','房屋调查编号:C39','2021-05-27 06:07:44','0'),(70,'kfs',-1,'权属人管理','房屋调查编号:81+1','2021-05-27 06:07:45','0'),(71,'kfs',-1,'权属人管理','房屋调查编号:','2021-05-27 06:07:46','0'),(72,'kfs',-1,'权属人管理','房屋调查编号:68+1','2021-05-27 06:07:47','0'),(73,'kfs',-1,'权属人管理','房屋调查编号:B24','2021-05-27 06:07:47','0'),(74,'kfs',-1,'权属人管理','房屋调查编号:B4','2021-05-27 06:07:48','0'),(75,'kfs',-1,'权属人管理','房屋调查编号:B9','2021-05-27 06:07:49','0'),(76,'kfs',-1,'权属人管理','房屋调查编号:B22','2021-05-27 06:07:51','0'),(77,'kfs',-1,'权属人管理','房屋调查编号:B8','2021-05-27 06:07:52','0'),(78,'kfs',1,'权属人管理','房屋调查编号:','2021-05-27 06:08:01','0'),(79,'kfs',1,'权属人管理','房屋调查编号:B8','2021-05-27 06:08:01','0'),(80,'kfs',1,'权属人管理','房屋调查编号:B22','2021-05-27 06:08:01','0'),(81,'kfs',1,'权属人管理','房屋调查编号:B9','2021-05-27 06:08:01','0'),(82,'kfs',1,'权属人管理','房屋调查编号:B4','2021-05-27 06:08:01','0'),(83,'kfs',1,'权属人管理','房屋调查编号:B24','2021-05-27 06:08:01','0'),(84,'kfs',1,'权属人管理','房屋调查编号:68+1','2021-05-27 06:08:01','0'),(85,'kfs',1,'权属人管理','房屋调查编号:','2021-05-27 06:08:01','0'),(86,'kfs',1,'权属人管理','房屋调查编号:81+1','2021-05-27 06:08:01','0'),(87,'kfs',1,'权属人管理','房屋调查编号:C39','2021-05-27 06:08:01','0'),(88,'kfs',1,'权属人管理','房屋调查编号:C33','2021-05-27 06:08:01','0'),(89,'kfs',1,'权属人管理','房屋调查编号:C28','2021-05-27 06:08:01','0'),(90,'kfs',1,'权属人管理','房屋调查编号:北49','2021-05-27 06:08:01','0'),(91,'kfs',1,'权属人管理','房屋调查编号:北63','2021-05-27 06:08:01','0'),(92,'kfs',1,'权属人管理','房屋调查编号:北63+1','2021-05-27 06:08:02','0'),(93,'kfs',1,'权属人管理','房屋调查编号:北63+2','2021-05-27 06:08:02','0'),(94,'kfs',1,'权属人管理','房屋调查编号:北63+3','2021-05-27 06:08:02','0'),(95,'kfs',1,'权属人管理','房屋调查编号:北35+12','2021-05-27 06:08:02','0'),(96,'kfs',1,'权属人管理','房屋调查编号:北27','2021-05-27 06:08:02','0'),(97,'kfs',1,'权属人管理','房屋调查编号:C8','2021-05-27 06:08:02','0'),(98,'kfs',1,'权属人管理','房屋调查编号:政17+2','2021-05-27 06:08:02','0'),(99,'kfs',1,'权属人管理','房屋调查编号:北20','2021-05-27 06:08:02','0'),(100,'kfs',1,'权属人管理','房屋调查编号:政17+1','2021-05-27 06:08:02','0'),(101,'kfs',1,'权属人管理','房屋调查编号:北35+1','2021-05-27 06:08:02','0'),(102,'kfs',1,'权属人管理','房屋调查编号:B45','2021-05-27 06:08:02','0'),(103,'kfs',1,'权属人管理','房屋调查编号:B44','2021-05-27 06:08:02','0'),(104,'kfs',1,'权属人管理','房屋调查编号:B42','2021-05-27 06:08:02','0'),(105,'kfs',1,'权属人管理','房屋调查编号:','2021-05-27 06:08:02','0'),(106,'kfs',1,'权属人管理','房屋调查编号:','2021-05-27 06:08:02','0'),(107,'kfs',1,'权属人管理','房屋调查编号:','2021-05-27 06:08:02','0'),(108,'kfs',1,'权属人管理','房屋调查编号:C36','2021-05-27 06:08:02','0'),(109,'kfs',1,'权属人管理','房屋调查编号:C37','2021-05-27 06:08:02','0'),(110,'kfs',1,'权属人管理','房屋调查编号:C42','2021-05-27 06:08:02','0'),(111,'kfs',1,'权属人管理','房屋调查编号:H15','2021-05-27 06:08:02','0'),(112,'kfs',1,'权属人管理','房屋调查编号:H10','2021-05-27 06:08:02','0'),(113,'kfs',1,'权属人管理','房屋调查编号:H12+1','2021-05-27 06:08:02','0'),(114,'kfs',1,'权属人管理','房屋调查编号:H22','2021-05-27 06:08:02','0'),(115,'kfs',1,'权属人管理','房屋调查编号:H13+1','2021-05-27 06:08:02','0'),(116,'kfs',1,'权属人管理','房屋调查编号:H5+1','2021-05-27 06:08:02','0'),(117,'kfs',1,'权属人管理','房屋调查编号:H27','2021-05-27 06:08:02','0'),(118,'kfs',1,'权属人管理','房屋调查编号:H26','2021-05-27 06:08:02','0'),(119,'kfs',1,'权属人管理','房屋调查编号:null','2021-05-27 06:08:02','0'),(120,'kfs',-1,'权属人管理','房屋调查编号:null','2021-05-27 06:08:37','0'),(121,'kfs',0,'权属人管理','房屋调查编号:H26','2021-05-27 06:08:48','0'),(122,'kfs',0,'权属人管理','房屋调查编号:H5+1','2021-05-27 06:09:00','0'),(123,'kfs',0,'权属人管理','房屋调查编号:H22','2021-05-27 06:09:10','0'),(124,'kfs',0,'权属人管理','房屋调查编号:H10','2021-05-27 06:09:19','0'),(125,'kfs',0,'权属人管理','房屋调查编号:C42','2021-05-27 06:10:11','0'),(126,'kfs',0,'权属人管理','房屋调查编号:C37','2021-05-27 06:10:26','0'),(127,'kfs',0,'权属人管理','房屋调查编号:C36','2021-05-27 06:10:50','0'),(128,'kfs',0,'权属人管理','房屋调查编号:108','2021-05-27 06:11:33','0'),(129,'kfs',0,'权属人管理','房屋调查编号:106','2021-05-27 06:12:15','0'),(130,'admin',0,'权属人管理','房屋调查编号:123','2021-05-27 06:11:56','0'),(131,'kfs',0,'权属人管理','房屋调查编号:96','2021-05-27 06:12:48','0'),(132,'kfs',0,'权属人管理','房屋调查编号:B42','2021-05-27 06:13:11','0'),(133,'kfs',0,'权属人管理','房屋调查编号:B44','2021-05-27 06:13:23','0'),(134,'kfs',0,'权属人管理','房屋调查编号:B45','2021-05-27 06:13:43','0'),(135,'admin',-1,'权属人管理','房屋调查编号:','2021-05-27 06:13:09','0'),(136,'admin',-1,'权属人管理','房屋调查编号:','2021-05-27 06:13:10','0'),(137,'kfs',0,'权属人管理','房屋调查编号:北35+1','2021-05-27 06:13:59','0'),(138,'admin',-1,'权属人管理','房屋调查编号:123','2021-05-27 06:13:22','0'),(139,'admin',1,'权属人管理','房屋调查编号:123','2021-05-27 06:13:26','0'),(140,'kfs',0,'权属人管理','房屋调查编号:政17+1','2021-05-27 06:14:11','0'),(141,'kfs',0,'权属人管理','房屋调查编号:北20','2021-05-27 06:15:29','0'),(142,'admin',1,'权属人管理','房屋调查编号:H123','2021-05-27 06:15:10','0'),(143,'admin',1,'权属人管理','房屋调查编号:42','2021-05-27 06:15:10','0'),(144,'kfs',0,'权属人管理','房屋调查编号:政17+2','2021-05-27 06:16:01','0'),(145,'kfs',0,'权属人管理','房屋调查编号:C8','2021-05-27 06:16:24','0'),(146,'kfs',0,'权属人管理','房屋调查编号:北27','2021-05-27 06:16:36','0'),(147,'kfs',0,'权属人管理','房屋调查编号:北35+12','2021-05-27 06:16:49','0'),(148,'kfs',0,'权属人管理','房屋调查编号:北63+3','2021-05-27 06:19:05','0'),(149,'kfs',0,'权属人管理','房屋调查编号:北63+2','2021-05-27 06:19:16','0'),(150,'kfs',0,'权属人管理','房屋调查编号:北63+1','2021-05-27 06:19:26','0'),(151,'kfs',0,'权属人管理','房屋调查编号:北63','2021-05-27 06:19:33','0'),(152,'kfs',0,'权属人管理','房屋调查编号:北49','2021-05-27 06:19:46','0'),(153,'kfs',0,'权属人管理','房屋调查编号:C28','2021-05-27 06:19:58','0'),(154,'kfs',0,'权属人管理','房屋调查编号:C33','2021-05-27 06:20:10','0'),(155,'kfs',0,'权属人管理','房屋调查编号:C39','2021-05-27 06:20:18','0'),(156,'kfs',0,'权属人管理','房屋调查编号:81+1','2021-05-27 06:20:32','0'),(157,'kfs',0,'权属人管理','房屋调查编号:44','2021-05-27 06:21:41','0'),(158,'kfs',0,'权属人管理','房屋调查编号:68+1','2021-05-27 06:21:51','0'),(159,'kfs',0,'权属人管理','房屋调查编号:B24','2021-05-27 06:22:04','0'),(160,'kfs',0,'权属人管理','房屋调查编号:B4','2021-05-27 06:22:14','0'),(161,'kfs',0,'权属人管理','房屋调查编号:B9','2021-05-27 06:22:25','0'),(162,'kfs',0,'权属人管理','房屋调查编号:B22','2021-05-27 06:22:50','0'),(163,'kfs',0,'权属人管理','房屋调查编号:B8','2021-05-27 06:22:58','0'),(164,'kfs',0,'权属人管理','房屋调查编号:C8','2021-05-27 06:23:38','0'),(165,'admin',0,'权属人管理','房屋调查编号:H5+1','2021-05-27 06:43:25','0'),(166,'admin',0,'权属人管理','房屋调查编号:H22','2021-05-27 06:43:46','0'),(167,'admin',0,'权属人管理','房屋调查编号:H10','2021-05-27 06:44:00','0'),(168,'admin',0,'权属人管理','房屋调查编号:C8','2021-05-27 06:44:11','0'),(169,'admin',-1,'权属人管理','房屋调查编号:123','2021-05-27 07:03:25','0'),(170,'admin',-1,'权属人管理','房屋调查编号:H123','2021-05-27 07:03:27','0'),(171,'admin',-1,'权属人管理','房屋调查编号:42','2021-05-27 07:03:29','0'),(172,'admin',0,'权属人管理','房屋调查编号:108','2021-05-27 07:20:02','0'),(173,'admin',0,'权属人管理','房屋调查编号:H5+1','2021-05-27 08:32:18','0'),(174,'admin',0,'权属人管理','房屋调查编号:H22','2021-05-27 08:33:52','0'),(175,'admin',0,'权属人管理','房屋调查编号:H5+1','2021-05-27 08:34:08','0'),(176,'admin',0,'权属人管理','房屋调查编号:H10','2021-05-27 08:35:50','0'),(177,'admin',0,'权属人管理','房屋调查编号:C8','2021-05-27 08:37:27','0'),(178,'admin',0,'权属人管理','房屋调查编号:C8','2021-05-27 08:38:58','0'),(179,'admin',0,'权属人管理','房屋调查编号:H22','2021-05-27 08:40:16','0'),(180,'admin',0,'权属人管理','房屋调查编号:H5+1','2021-05-27 08:44:22','0'),(181,'admin',0,'权属人管理','房屋调查编号:H5+1','2021-05-27 09:24:54','0'),(182,'admin',0,'权属人管理','房屋调查编号:123','2021-06-01 10:44:25','0'),(183,'admin',-1,'权属人管理','房屋调查编号:123','2021-06-01 10:44:47','0'),(184,'admin',0,'权属人管理','房屋调查编号:111','2021-06-01 10:48:47','0'),(185,'admin',0,'权属人管理','房屋调查编号:111','2021-06-01 10:51:03','0'),(186,'admin',0,'权属人管理','房屋调查编号:111','2021-06-01 10:51:12','0'),(187,'admin',0,'权属人管理','房屋调查编号:111','2021-06-01 10:51:20','0'),(188,'admin',0,'权属人管理','房屋调查编号:222','2021-06-02 02:09:45','0'),(189,'admin',-1,'权属人管理','房屋调查编号:222','2021-06-02 02:11:06','0'),(190,'admin',0,'权属人管理','房屋调查编号:123','2021-06-02 02:25:42','0'),(191,'admin',0,'权属人管理','房屋调查编号:123','2021-06-02 02:25:50','0'),(192,'admin',-1,'权属人管理','房屋调查编号:123','2021-06-02 02:26:00','0'),(193,'admin',0,'权属人管理','房屋调查编号:123','2021-06-02 03:37:05','0'),(194,'admin',-1,'权属人管理','房屋调查编号:123','2021-06-02 03:37:12','0'),(195,'admin',1,'权属人管理','房屋调查编号:123','2021-06-02 03:47:50','0'),(196,'admin',1,'权属人管理','房屋调查编号:H123','2021-06-02 03:47:50','0'),(197,'admin',1,'权属人管理','房屋调查编号:42','2021-06-02 03:47:50','0'),(198,'admin',-1,'权属人管理','房屋调查编号:42','2021-06-02 03:47:56','0'),(199,'admin',-1,'权属人管理','房屋调查编号:H123','2021-06-02 03:47:58','0'),(200,'admin',1,'权属人管理','房屋调查编号:H123','2021-06-02 03:48:02','0'),(201,'admin',1,'权属人管理','房屋调查编号:42','2021-06-02 03:48:02','0'),(202,'admin',-1,'权属人管理','房屋调查编号:42','2021-06-02 03:48:04','0'),(203,'admin',-1,'权属人管理','房屋调查编号:H123','2021-06-02 03:48:06','0'),(204,'admin',-1,'权属人管理','房屋调查编号:123','2021-06-02 03:48:08','0'),(205,'kfs',0,'权属人管理','房屋调查编号:null','2021-06-11 03:08:01','0'),(206,'kfs',-1,'权属人管理','房屋调查编号:null','2021-06-11 03:08:08','0'),(207,'admin',0,'权属人管理','房屋调查编号:H27','2021-06-18 06:50:41','0'),(208,'admin',0,'权属人管理','房屋调查编号:H27','2021-06-18 06:50:54','0'),(209,'admin',1,'权属人管理','房屋调查编号:','2021-06-18 06:52:37','0'),(210,'admin',1,'权属人管理','房屋调查编号:N123','2021-06-18 06:52:37','0'),(211,'admin',1,'权属人管理','房屋调查编号:null','2021-06-18 06:52:37','0'),(212,'admin',-1,'权属人管理','房屋调查编号:null','2021-06-18 06:53:03','0'),(213,'admin',-1,'权属人管理','房屋调查编号:','2021-06-18 06:53:06','0'),(214,'admin',1,'权属人管理','房屋调查编号:','2021-06-18 06:53:43','0'),(215,'admin',1,'权属人管理','房屋调查编号:null','2021-06-18 06:53:43','0'),(216,'admin',-1,'权属人管理','房屋调查编号:null','2021-06-18 06:53:50','0'),(217,'admin',-1,'权属人管理','房屋调查编号:','2021-06-18 06:53:52','0'),(218,'admin',1,'权属人管理','房屋调查编号:','2021-06-18 07:18:58','0'),(219,'admin',1,'权属人管理','房屋调查编号:null','2021-06-18 07:18:58','0'),(220,'admin',-1,'权属人管理','房屋调查编号:null','2021-06-18 07:18:48','0'),(221,'admin',-1,'权属人管理','房屋调查编号:','2021-06-18 07:18:50','0'),(222,'admin',1,'权属人管理','房屋调查编号:null','2021-06-18 07:18:56','0'),(223,'admin',-1,'权属人管理','房屋调查编号:null','2021-06-18 07:19:03','0'),(224,'admin',-1,'权属人管理','房屋调查编号:N123','2021-06-18 07:19:05','0'),(225,'admin',1,'权属人管理','房屋调查编号:N123','2021-06-18 07:19:08','0'),(226,'admin',1,'权属人管理','房屋调查编号:null','2021-06-18 07:19:08','0'),(227,'admin',-1,'权属人管理','房屋调查编号:null','2021-06-18 07:19:21','0'),(228,'admin',-1,'权属人管理','房屋调查编号:N123','2021-06-18 07:19:22','0'),(229,'admin',1,'权属人管理','房屋调查编号:N123','2021-06-18 07:19:26','0'),(230,'admin',1,'权属人管理','房屋调查编号:null','2021-06-18 07:19:26','0'),(231,'kfs',-1,'权属人管理','房屋调查编号:null','2021-06-18 07:20:36','0'),(232,'kfs',-1,'权属人管理','房屋调查编号:N123','2021-06-18 07:20:38','0'),(233,'kfs',1,'权属人管理','房屋调查编号:N123','2021-06-18 07:21:03','0'),(234,'kfs',1,'权属人管理','房屋调查编号:null','2021-06-18 07:21:03','0'),(235,'kfs',-1,'权属人管理','房屋调查编号:null','2021-06-18 07:21:07','0'),(236,'kfs',-1,'权属人管理','房屋调查编号:N123','2021-06-18 07:21:09','0'),(237,'admin',1,'权属人管理','房屋调查编号:N123','2021-06-18 07:22:20','0'),(238,'admin',1,'权属人管理','房屋调查编号:null','2021-06-18 07:22:20','0'),(239,'admin',-1,'权属人管理','房屋调查编号:null','2021-06-18 07:25:33','0'),(240,'admin',-1,'权属人管理','房屋调查编号:N123','2021-06-18 07:25:42','0'),(241,'admin',1,'权属人管理','房屋调查编号:N123','2021-06-18 07:25:48','0'),(242,'admin',-1,'权属人管理','房屋调查编号:N123','2021-06-18 07:26:26','0'),(243,'admin',1,'权属人管理','房屋调查编号:N123','2021-06-18 07:26:30','0'),(244,'admin',1,'权属人管理','房屋调查编号:','2021-06-18 08:13:03','0'),(245,'admin',1,'权属人管理','房屋调查编号:null','2021-06-18 08:13:03','0'),(246,'admin',-1,'权属人管理','房屋调查编号:null','2021-06-18 08:13:07','0'),(247,'admin',-1,'权属人管理','房屋调查编号:','2021-06-18 08:13:09','0'),(248,'admin',1,'权属人管理','房屋调查编号:','2021-06-18 08:44:08','0'),(249,'admin',1,'权属人管理','房屋调查编号:null','2021-06-18 08:44:08','0'),(250,'admin',-1,'权属人管理','房屋调查编号:null','2021-06-18 08:44:18','0'),(251,'admin',-1,'权属人管理','房屋调查编号:','2021-06-18 08:44:21','0'),(252,'admin',-1,'权属人管理','房屋调查编号:N123','2021-06-18 08:44:23','0'),(253,'admin',1,'权属人管理','房屋调查编号:','2021-06-18 09:24:54','0'),(254,'admin',1,'权属人管理','房屋调查编号:N123','2021-06-18 09:24:54','0'),(255,'admin',1,'权属人管理','房屋调查编号:null','2021-06-18 09:24:54','0'),(256,'admin',-1,'权属人管理','房屋调查编号:null','2021-06-18 09:24:57','0'),(257,'admin',-1,'权属人管理','房屋调查编号:N123','2021-06-18 09:24:59','0'),(258,'admin',-1,'权属人管理','房屋调查编号:','2021-06-18 09:25:01','0'),(259,'admin',1,'权属人管理','房屋调查编号:N123','2021-06-18 11:58:00','0'),(260,'admin',0,'权属人管理','房屋调查编号:H5+1','2021-06-22 07:42:54','0'),(261,'admin',1,'权属人管理','房屋调查编号:97','2021-06-25 00:59:05','0'),(262,'admin',1,'权属人管理','房屋调查编号:122+1','2021-06-25 00:59:05','0'),(263,'admin',1,'权属人管理','房屋调查编号:101','2021-06-25 00:59:05','0'),(264,'admin',1,'权属人管理','房屋调查编号:101+1','2021-06-25 00:59:05','0'),(265,'admin',1,'权属人管理','房屋调查编号:104+1','2021-06-25 00:59:05','0'),(266,'admin',1,'权属人管理','房屋调查编号:112+1','2021-06-25 00:59:05','0'),(267,'admin',1,'权属人管理','房屋调查编号:88','2021-06-25 00:59:05','0'),(268,'admin',1,'权属人管理','房屋调查编号:89+1','2021-06-25 00:59:05','0'),(269,'admin',1,'权属人管理','房屋调查编号:89','2021-06-25 00:59:05','0'),(270,'admin',1,'权属人管理','房屋调查编号:78','2021-06-25 00:59:05','0'),(271,'admin',1,'权属人管理','房屋调查编号:78+1','2021-06-25 00:59:05','0'),(272,'admin',1,'权属人管理','房屋调查编号:72','2021-06-25 00:59:05','0'),(273,'admin',1,'权属人管理','房屋调查编号:73','2021-06-25 00:59:05','0'),(274,'admin',1,'权属人管理','房屋调查编号:74','2021-06-25 00:59:05','0'),(275,'admin',1,'权属人管理','房屋调查编号:75','2021-06-25 00:59:05','0'),(276,'admin',1,'权属人管理','房屋调查编号:77','2021-06-25 00:59:05','0'),(277,'admin',1,'权属人管理','房屋调查编号:63','2021-06-25 00:59:05','0'),(278,'admin',1,'权属人管理','房屋调查编号:63+1','2021-06-25 00:59:05','0'),(279,'admin',1,'权属人管理','房屋调查编号:64    76','2021-06-25 00:59:05','0'),(280,'admin',1,'权属人管理','房屋调查编号:62','2021-06-25 00:59:05','0'),(281,'admin',1,'权属人管理','房屋调查编号:58','2021-06-25 00:59:05','0'),(282,'admin',1,'权属人管理','房屋调查编号:59','2021-06-25 00:59:05','0'),(283,'admin',1,'权属人管理','房屋调查编号:60','2021-06-25 00:59:05','0'),(284,'admin',1,'权属人管理','房屋调查编号:61','2021-06-25 00:59:05','0'),(285,'admin',1,'权属人管理','房屋调查编号:61+1','2021-06-25 00:59:05','0'),(286,'admin',1,'权属人管理','房屋调查编号:46','2021-06-25 00:59:05','0'),(287,'admin',1,'权属人管理','房屋调查编号:47','2021-06-25 00:59:05','0'),(288,'admin',1,'权属人管理','房屋调查编号:48','2021-06-25 00:59:05','0'),(289,'admin',1,'权属人管理','房屋调查编号:49','2021-06-25 00:59:05','0'),(290,'admin',1,'权属人管理','房屋调查编号:49+1','2021-06-25 00:59:06','0'),(291,'admin',1,'权属人管理','房屋调查编号:35','2021-06-25 00:59:06','0'),(292,'admin',1,'权属人管理','房屋调查编号:36','2021-06-25 00:59:06','0'),(293,'admin',1,'权属人管理','房屋调查编号:37','2021-06-25 00:59:06','0'),(294,'admin',1,'权属人管理','房屋调查编号:38','2021-06-25 00:59:06','0'),(295,'admin',1,'权属人管理','房屋调查编号:34','2021-06-25 00:59:06','0'),(296,'admin',1,'权属人管理','房屋调查编号:26','2021-06-25 00:59:06','0'),(297,'admin',1,'权属人管理','房屋调查编号:27','2021-06-25 00:59:06','0'),(298,'admin',1,'权属人管理','房屋调查编号:29','2021-06-25 00:59:06','0'),(299,'admin',1,'权属人管理','房屋调查编号:28','2021-06-25 00:59:06','0'),(300,'admin',1,'权属人管理','房屋调查编号:24','2021-06-25 00:59:06','0'),(301,'admin',1,'权属人管理','房屋调查编号:30','2021-06-25 00:59:06','0'),(302,'admin',1,'权属人管理','房屋调查编号:25','2021-06-25 00:59:06','0'),(303,'admin',1,'权属人管理','房屋调查编号:17','2021-06-25 00:59:06','0'),(304,'admin',1,'权属人管理','房屋调查编号:18','2021-06-25 00:59:06','0'),(305,'admin',1,'权属人管理','房屋调查编号:19','2021-06-25 00:59:06','0'),(306,'admin',1,'权属人管理','房屋调查编号:16','2021-06-25 00:59:06','0'),(307,'admin',1,'权属人管理','房屋调查编号:11','2021-06-25 00:59:06','0'),(308,'admin',1,'权属人管理','房屋调查编号:21+1','2021-06-25 00:59:06','0'),(309,'admin',1,'权属人管理','房屋调查编号:21','2021-06-25 00:59:06','0'),(310,'admin',1,'权属人管理','房屋调查编号:20','2021-06-25 00:59:06','0'),(311,'admin',1,'权属人管理','房屋调查编号:12','2021-06-25 00:59:06','0'),(312,'admin',1,'权属人管理','房屋调查编号:22','2021-06-25 00:59:06','0'),(313,'admin',1,'权属人管理','房屋调查编号:8','2021-06-25 00:59:06','0'),(314,'admin',1,'权属人管理','房屋调查编号:9','2021-06-25 00:59:06','0'),(315,'admin',1,'权属人管理','房屋调查编号:9+1','2021-06-25 00:59:06','0'),(316,'admin',1,'权属人管理','房屋调查编号:10','2021-06-25 00:59:06','0'),(317,'admin',1,'权属人管理','房屋调查编号:10+1','2021-06-25 00:59:06','0'),(318,'admin',1,'权属人管理','房屋调查编号:124','2021-06-25 00:59:06','0'),(319,'admin',1,'权属人管理','房屋调查编号:91','2021-06-25 00:59:06','0'),(320,'admin',1,'权属人管理','房屋调查编号:91+1','2021-06-25 00:59:06','0'),(321,'admin',1,'权属人管理','房屋调查编号:92','2021-06-25 00:59:06','0'),(322,'admin',1,'权属人管理','房屋调查编号:94','2021-06-25 00:59:06','0'),(323,'admin',1,'权属人管理','房屋调查编号:93','2021-06-25 00:59:06','0'),(324,'admin',1,'权属人管理','房屋调查编号:90','2021-06-25 00:59:06','0'),(325,'admin',1,'权属人管理','房屋调查编号:87','2021-06-25 00:59:06','0'),(326,'admin',1,'权属人管理','房屋调查编号:81','2021-06-25 00:59:06','0'),(327,'admin',1,'权属人管理','房屋调查编号: 81+1','2021-06-25 00:59:06','0'),(328,'admin',1,'权属人管理','房屋调查编号:82','2021-06-25 00:59:06','0'),(329,'admin',1,'权属人管理','房屋调查编号:80','2021-06-25 00:59:06','0'),(330,'admin',1,'权属人管理','房屋调查编号:80+1','2021-06-25 00:59:06','0'),(331,'admin',1,'权属人管理','房屋调查编号:66','2021-06-25 00:59:06','0'),(332,'admin',1,'权属人管理','房屋调查编号:68','2021-06-25 00:59:06','0'),(333,'admin',1,'权属人管理','房屋调查编号:83','2021-06-25 00:59:06','0'),(334,'admin',1,'权属人管理','房屋调查编号:84','2021-06-25 00:59:06','0'),(335,'admin',1,'权属人管理','房屋调查编号:85','2021-06-25 00:59:06','0'),(336,'admin',1,'权属人管理','房屋调查编号:85+1','2021-06-25 00:59:06','0'),(337,'admin',1,'权属人管理','房屋调查编号:71','2021-06-25 00:59:06','0'),(338,'admin',1,'权属人管理','房屋调查编号:51','2021-06-25 00:59:06','0'),(339,'admin',1,'权属人管理','房屋调查编号:52','2021-06-25 00:59:06','0'),(340,'admin',1,'权属人管理','房屋调查编号:53','2021-06-25 00:59:06','0'),(341,'admin',1,'权属人管理','房屋调查编号:54','2021-06-25 00:59:06','0'),(342,'admin',1,'权属人管理','房屋调查编号:67','2021-06-25 00:59:06','0'),(343,'admin',1,'权属人管理','房屋调查编号:50','2021-06-25 00:59:06','0'),(344,'admin',1,'权属人管理','房屋调查编号:40','2021-06-25 00:59:06','0'),(345,'admin',1,'权属人管理','房屋调查编号:41','2021-06-25 00:59:06','0'),(346,'admin',1,'权属人管理','房屋调查编号:42','2021-06-25 00:59:06','0'),(347,'admin',1,'权属人管理','房屋调查编号:31','2021-06-25 00:59:06','0'),(348,'admin',1,'权属人管理','房屋调查编号:69','2021-06-25 00:59:06','0'),(349,'admin',1,'权属人管理','房屋调查编号:70','2021-06-25 00:59:06','0'),(350,'admin',1,'权属人管理','房屋调查编号:55','2021-06-25 00:59:06','0'),(351,'admin',1,'权属人管理','房屋调查编号:56','2021-06-25 00:59:06','0'),(352,'admin',1,'权属人管理','房屋调查编号:57','2021-06-25 00:59:06','0'),(353,'admin',1,'权属人管理','房屋调查编号:43','2021-06-25 00:59:06','0'),(354,'admin',1,'权属人管理','房屋调查编号:45','2021-06-25 00:59:06','0'),(355,'admin',1,'权属人管理','房屋调查编号:32','2021-06-25 00:59:06','0'),(356,'admin',1,'权属人管理','房屋调查编号:33','2021-06-25 00:59:06','0'),(357,'admin',1,'权属人管理','房屋调查编号:23','2021-06-25 00:59:06','0'),(358,'admin',1,'权属人管理','房屋调查编号:李34','2021-06-25 00:59:06','0'),(359,'admin',1,'权属人管理','房屋调查编号:李37','2021-06-25 00:59:06','0'),(360,'admin',1,'权属人管理','房屋调查编号:李27','2021-06-25 00:59:06','0'),(361,'admin',1,'权属人管理','房屋调查编号:李28','2021-06-25 00:59:06','0'),(362,'admin',1,'权属人管理','房屋调查编号:李29','2021-06-25 00:59:06','0'),(363,'admin',1,'权属人管理','房屋调查编号:李35','2021-06-25 00:59:06','0'),(364,'admin',1,'权属人管理','房屋调查编号:李35+1','2021-06-25 00:59:06','0'),(365,'admin',1,'权属人管理','房屋调查编号:李30','2021-06-25 00:59:06','0'),(366,'admin',1,'权属人管理','房屋调查编号:李31','2021-06-25 00:59:06','0'),(367,'admin',1,'权属人管理','房屋调查编号:李26+1','2021-06-25 00:59:06','0'),(368,'admin',1,'权属人管理','房屋调查编号:李湾补1','2021-06-25 00:59:06','0'),(369,'admin',1,'权属人管理','房屋调查编号:C26','2021-06-25 00:59:06','0'),(370,'admin',1,'权属人管理','房屋调查编号:C13','2021-06-25 00:59:06','0'),(371,'admin',1,'权属人管理','房屋调查编号:C14','2021-06-25 00:59:06','0'),(372,'admin',1,'权属人管理','房屋调查编号:C15','2021-06-25 00:59:06','0'),(373,'admin',1,'权属人管理','房屋调查编号:C38','2021-06-25 00:59:07','0'),(374,'admin',1,'权属人管理','房屋调查编号:C30','2021-06-25 00:59:07','0'),(375,'admin',1,'权属人管理','房屋调查编号:C40','2021-06-25 00:59:07','0'),(376,'admin',1,'权属人管理','房屋调查编号:C29','2021-06-25 00:59:07','0'),(377,'admin',1,'权属人管理','房屋调查编号:C28+1','2021-06-25 00:59:07','0'),(378,'admin',1,'权属人管理','房屋调查编号:C31','2021-06-25 00:59:07','0'),(379,'admin',1,'权属人管理','房屋调查编号:C32','2021-06-25 00:59:07','0'),(380,'admin',1,'权属人管理','房屋调查编号:C19','2021-06-25 00:59:07','0'),(381,'admin',1,'权属人管理','房屋调查编号:C34','2021-06-25 00:59:07','0'),(382,'admin',1,'权属人管理','房屋调查编号:C35+1','2021-06-25 00:59:07','0'),(383,'admin',1,'权属人管理','房屋调查编号:C21','2021-06-25 00:59:07','0'),(384,'admin',1,'权属人管理','房屋调查编号:C21左','2021-06-25 00:59:07','0'),(385,'admin',1,'权属人管理','房屋调查编号:C21右','2021-06-25 00:59:07','0'),(386,'admin',1,'权属人管理','房屋调查编号:B2','2021-06-25 00:59:07','0'),(387,'admin',1,'权属人管理','房屋调查编号:B2+1','2021-06-25 00:59:07','0'),(388,'admin',1,'权属人管理','房屋调查编号:B2+2','2021-06-25 00:59:07','0'),(389,'admin',1,'权属人管理','房屋调查编号:B48','2021-06-25 00:59:07','0'),(390,'admin',1,'权属人管理','房屋调查编号:B39','2021-06-25 00:59:07','0'),(391,'admin',1,'权属人管理','房屋调查编号:B32','2021-06-25 00:59:07','0'),(392,'admin',1,'权属人管理','房屋调查编号:B26','2021-06-25 00:59:07','0'),(393,'admin',1,'权属人管理','房屋调查编号:B23','2021-06-25 00:59:07','0'),(394,'admin',1,'权属人管理','房屋调查编号:B21','2021-06-25 00:59:07','0'),(395,'admin',1,'权属人管理','房屋调查编号:19+1','2021-06-25 00:59:07','0'),(396,'admin',1,'权属人管理','房屋调查编号:19+2','2021-06-25 00:59:07','0'),(397,'admin',1,'权属人管理','房屋调查编号:19+3','2021-06-25 00:59:07','0'),(398,'admin',1,'权属人管理','房屋调查编号:19+4','2021-06-25 00:59:07','0'),(399,'admin',1,'权属人管理','房屋调查编号:19+5','2021-06-25 00:59:07','0'),(400,'admin',1,'权属人管理','房屋调查编号:19+6','2021-06-25 00:59:07','0'),(401,'admin',1,'权属人管理','房屋调查编号:19+7','2021-06-25 00:59:07','0'),(402,'admin',1,'权属人管理','房屋调查编号:19+8','2021-06-25 00:59:07','0'),(403,'admin',1,'权属人管理','房屋调查编号:19+9','2021-06-25 00:59:07','0'),(404,'admin',1,'权属人管理','房屋调查编号:19+10','2021-06-25 00:59:07','0'),(405,'admin',1,'权属人管理','房屋调查编号:19+11','2021-06-25 00:59:07','0'),(406,'admin',1,'权属人管理','房屋调查编号:19+12','2021-06-25 00:59:07','0'),(407,'admin',1,'权属人管理','房屋调查编号:B22补','2021-06-25 00:59:07','0'),(408,'admin',1,'权属人管理','房屋调查编号:C25','2021-06-28 02:35:44','0'),(409,'hacker',-1,'权属人管理','房屋调查编号:N123','2021-06-29 08:47:57',NULL),(410,'hacker',1,'权属人管理','房屋调查编号:北99','2021-06-29 08:52:56',NULL),(411,'hacker',1,'权属人管理','房屋调查编号:北97','2021-06-29 08:52:56',NULL),(412,'hacker',1,'权属人管理','房屋调查编号:北95','2021-06-29 08:52:56',NULL),(413,'hacker',1,'权属人管理','房屋调查编号:北93','2021-06-29 08:52:56',NULL),(414,'hacker',1,'权属人管理','房屋调查编号:北91','2021-06-29 08:52:56',NULL),(415,'hacker',1,'权属人管理','房屋调查编号:北89','2021-06-29 08:52:56',NULL),(416,'hacker',1,'权属人管理','房屋调查编号:北87','2021-06-29 08:52:56',NULL),(417,'hacker',1,'权属人管理','房屋调查编号:北85','2021-06-29 08:52:56',NULL),(418,'hacker',1,'权属人管理','房屋调查编号:北83','2021-06-29 08:52:56',NULL),(419,'hacker',1,'权属人管理','房屋调查编号:北81','2021-06-29 08:52:56',NULL),(420,'hacker',1,'权属人管理','房屋调查编号:北79','2021-06-29 08:52:56',NULL),(421,'hacker',1,'权属人管理','房屋调查编号:北77','2021-06-29 08:52:56',NULL),(422,'hacker',1,'权属人管理','房屋调查编号:北75','2021-06-29 08:52:56',NULL),(423,'hacker',1,'权属人管理','房屋调查编号:北73','2021-06-29 08:52:56',NULL),(424,'hacker',1,'权属人管理','房屋调查编号:北71','2021-06-29 08:52:57',NULL),(425,'hacker',1,'权属人管理','房屋调查编号:北69','2021-06-29 08:52:57',NULL),(426,'hacker',1,'权属人管理','房屋调查编号:北67','2021-06-29 08:52:57',NULL),(427,'hacker',1,'权属人管理','房屋调查编号:北65','2021-06-29 08:52:57',NULL),(428,'hacker',1,'权属人管理','房屋调查编号:北63 北63+1 \n 北63+2 北63+3','2021-06-29 08:52:57',NULL),(429,'hacker',1,'权属人管理','房屋调查编号:北61','2021-06-29 08:52:57',NULL),(430,'hacker',1,'权属人管理','房屋调查编号:北59','2021-06-29 08:52:57',NULL),(431,'hacker',1,'权属人管理','房屋调查编号:北59+1','2021-06-29 08:52:57',NULL),(432,'hacker',1,'权属人管理','房屋调查编号:北57','2021-06-29 08:52:57',NULL),(433,'hacker',1,'权属人管理','房屋调查编号:北55','2021-06-29 08:52:57',NULL),(434,'hacker',1,'权属人管理','房屋调查编号:北53','2021-06-29 08:52:57',NULL),(435,'hacker',1,'权属人管理','房屋调查编号:北43','2021-06-29 08:54:02',NULL),(436,'hacker',1,'权属人管理','房屋调查编号:北39','2021-06-29 08:54:02',NULL),(437,'hacker',1,'权属人管理','房屋调查编号:北37','2021-06-29 08:54:02',NULL),(438,'hacker',1,'权属人管理','房屋调查编号:北35+2','2021-06-29 08:54:02',NULL),(439,'hacker',1,'权属人管理','房屋调查编号:北35+3','2021-06-29 08:54:02',NULL),(440,'hacker',1,'权属人管理','房屋调查编号:北35+4','2021-06-29 08:54:02',NULL),(441,'hacker',1,'权属人管理','房屋调查编号:北35+5','2021-06-29 08:54:02',NULL),(442,'hacker',1,'权属人管理','房屋调查编号:北35+6','2021-06-29 08:54:02',NULL),(443,'hacker',1,'权属人管理','房屋调查编号:北35+7','2021-06-29 08:54:02',NULL),(444,'hacker',1,'权属人管理','房屋调查编号:北35+8','2021-06-29 08:54:02',NULL),(445,'hacker',1,'权属人管理','房屋调查编号:北35+9','2021-06-29 08:54:02',NULL),(446,'hacker',1,'权属人管理','房屋调查编号:北35+10','2021-06-29 08:54:02',NULL),(447,'hacker',1,'权属人管理','房屋调查编号:北35+11','2021-06-29 08:54:02',NULL),(448,'hacker',1,'权属人管理','房屋调查编号:北35+13','2021-06-29 08:54:02',NULL),(449,'hacker',1,'权属人管理','房屋调查编号:北33','2021-06-29 08:54:02',NULL),(450,'hacker',1,'权属人管理','房屋调查编号:北31','2021-06-29 08:54:02',NULL),(451,'hacker',1,'权属人管理','房屋调查编号:北29','2021-06-29 08:54:02',NULL),(452,'hacker',1,'权属人管理','房屋调查编号:北25','2021-06-29 08:54:02',NULL),(453,'hacker',1,'权属人管理','房屋调查编号:北23','2021-06-29 08:54:02',NULL),(454,'hacker',1,'权属人管理','房屋调查编号:北17','2021-06-29 08:54:02',NULL),(455,'hacker',1,'权属人管理','房屋调查编号:北15','2021-06-29 08:54:02',NULL),(456,'hacker',1,'权属人管理','房屋调查编号:北13','2021-06-29 08:54:02',NULL),(457,'hacker',1,'权属人管理','房屋调查编号:北11','2021-06-29 08:54:02',NULL),(458,'hacker',1,'权属人管理','房屋调查编号:北9','2021-06-29 08:54:02',NULL),(459,'hacker',1,'权属人管理','房屋调查编号:北9+1','2021-06-29 08:54:02',NULL),(460,'hacker',1,'权属人管理','房屋调查编号:北7','2021-06-29 08:54:02',NULL),(461,'hacker',1,'权属人管理','房屋调查编号:北5','2021-06-29 08:54:02',NULL),(462,'hacker',1,'权属人管理','房屋调查编号:6','2021-06-29 08:54:02',NULL),(463,'hacker',1,'权属人管理','房屋调查编号:7','2021-06-29 08:54:02',NULL),(464,'hacker',1,'权属人管理','房屋调查编号:1','2021-06-29 08:54:02',NULL),(465,'hacker',1,'权属人管理','房屋调查编号:2','2021-06-29 08:54:02',NULL),(466,'hacker',1,'权属人管理','房屋调查编号:','2021-06-29 08:55:16',NULL),(467,'hacker',1,'权属人管理','房屋调查编号:95+1','2021-06-29 08:55:16',NULL),(468,'hacker',1,'权属人管理','房屋调查编号:','2021-06-29 08:55:16',NULL),(469,'hacker',1,'权属人管理','房屋调查编号:','2021-06-29 08:55:16',NULL),(470,'hacker',1,'权属人管理','房屋调查编号:','2021-06-29 08:55:16',NULL),(471,'hacker',1,'权属人管理','房屋调查编号:','2021-06-29 08:55:16',NULL),(472,'hacker',1,'权属人管理','房屋调查编号:102+1','2021-06-29 08:55:16',NULL),(473,'hacker',1,'权属人管理','房屋调查编号:','2021-06-29 08:55:16',NULL),(474,'hacker',1,'权属人管理','房屋调查编号:','2021-06-29 08:55:16',NULL),(475,'hacker',1,'权属人管理','房屋调查编号:','2021-06-29 08:55:16',NULL),(476,'hacker',1,'权属人管理','房屋调查编号:','2021-06-29 08:55:16',NULL),(477,'hacker',1,'权属人管理','房屋调查编号:','2021-06-29 08:55:16',NULL),(478,'hacker',1,'权属人管理','房屋调查编号:','2021-06-29 08:55:16',NULL),(479,'hacker',1,'权属人管理','房屋调查编号:','2021-06-29 08:55:16',NULL),(480,'hacker',1,'权属人管理','房屋调查编号:','2021-06-29 08:55:16',NULL),(481,'hacker',1,'权属人管理','房屋调查编号:','2021-06-29 08:55:16',NULL),(482,'hacker',1,'权属人管理','房屋调查编号:','2021-06-29 08:55:16',NULL),(483,'hacker',1,'权属人管理','房屋调查编号:','2021-06-29 08:55:16',NULL),(484,'hacker',1,'权属人管理','房屋调查编号:115 115+1','2021-06-29 08:55:16',NULL),(485,'hacker',1,'权属人管理','房屋调查编号:','2021-06-29 08:55:16',NULL),(486,'hacker',1,'权属人管理','房屋调查编号:','2021-06-29 08:55:57',NULL),(487,'hacker',1,'权属人管理','房屋调查编号:','2021-06-29 08:55:57',NULL),(488,'hacker',1,'权属人管理','房屋调查编号:','2021-06-29 08:55:57',NULL),(489,'hacker',1,'权属人管理','房屋调查编号:','2021-06-29 08:55:57',NULL),(490,'hacker',1,'权属人管理','房屋调查编号:','2021-06-29 08:55:57',NULL),(491,'hacker',1,'权属人管理','房屋调查编号:','2021-06-29 08:55:57',NULL),(492,'hacker',1,'权属人管理','房屋调查编号:','2021-06-29 08:55:57',NULL),(493,'hacker',1,'权属人管理','房屋调查编号:','2021-06-29 08:55:57',NULL),(494,'hacker',1,'权属人管理','房屋调查编号:','2021-06-29 08:55:57',NULL),(495,'hacker',1,'权属人管理','房屋调查编号:','2021-06-29 08:55:57',NULL),(496,'hacker',1,'权属人管理','房屋调查编号:','2021-06-29 08:55:57',NULL),(497,'hacker',1,'权属人管理','房屋调查编号:','2021-06-29 08:55:57',NULL),(498,'hacker',1,'权属人管理','房屋调查编号:','2021-06-29 08:55:57',NULL),(499,'hacker',1,'权属人管理','房屋调查编号:','2021-06-29 08:55:57',NULL),(500,'hacker',1,'权属人管理','房屋调查编号:','2021-06-29 08:55:58',NULL),(501,'hacker',1,'权属人管理','房屋调查编号:','2021-06-29 08:55:58',NULL),(502,'hacker',1,'权属人管理','房屋调查编号:','2021-06-29 08:55:58',NULL),(503,'hacker',1,'权属人管理','房屋调查编号:C41','2021-06-29 08:56:01',NULL),(504,'hacker',1,'权属人管理','房屋调查编号:C35','2021-06-29 08:56:01',NULL),(505,'hacker',1,'权属人管理','房屋调查编号:C22','2021-06-29 08:56:01',NULL),(506,'hacker',1,'权属人管理','房屋调查编号:C24左','2021-06-29 08:56:01',NULL),(507,'hacker',1,'权属人管理','房屋调查编号:C24右','2021-06-29 08:56:01',NULL),(508,'hacker',1,'权属人管理','房屋调查编号:北19','2021-06-29 08:56:05',NULL),(509,'hacker',1,'权属人管理','房屋调查编号:北19+2','2021-06-29 08:56:05',NULL),(510,'hacker',1,'权属人管理','房屋调查编号:政10','2021-06-29 08:56:05',NULL),(511,'hacker',1,'权属人管理','房屋调查编号:政3','2021-06-29 08:56:05',NULL),(512,'hacker',1,'权属人管理','房屋调查编号:政6','2021-06-29 08:56:05',NULL),(513,'hacker',1,'权属人管理','房屋调查编号:政11、15','2021-06-29 08:56:05',NULL),(514,'hacker',1,'权属人管理','房屋调查编号:政16','2021-06-29 08:56:05',NULL),(515,'hacker',1,'权属人管理','房屋调查编号:政17','2021-06-29 08:56:05',NULL),(516,'hacker',1,'权属人管理','房屋调查编号:北3','2021-06-29 08:56:09',NULL),(517,'hacker',1,'权属人管理','房屋调查编号:北18','2021-06-29 08:56:09',NULL),(518,'hacker',1,'权属人管理','房屋调查编号:北18+1','2021-06-29 08:56:09',NULL),(519,'hacker',1,'权属人管理','房屋调查编号:北18+2','2021-06-29 08:56:09',NULL),(520,'hacker',1,'权属人管理','房屋调查编号:北18+3','2021-06-29 08:56:09',NULL),(521,'hacker',1,'权属人管理','房屋调查编号:北19+1','2021-06-29 08:56:09',NULL),(522,'hacker',1,'权属人管理','房屋调查编号:3','2021-06-29 08:56:09',NULL),(523,'hacker',1,'权属人管理','房屋调查编号:北35','2021-06-29 08:56:09',NULL),(524,'hacker',1,'权属人管理','房屋调查编号:北37+1','2021-06-29 08:56:09',NULL),(525,'hacker',1,'权属人管理','房屋调查编号:北41','2021-06-29 08:56:09',NULL),(526,'hacker',1,'权属人管理','房屋调查编号:北45','2021-06-29 08:56:09',NULL),(527,'hacker',1,'权属人管理','房屋调查编号:北47','2021-06-29 08:56:09',NULL),(528,'hacker',1,'权属人管理','房屋调查编号:北51','2021-06-29 08:56:09',NULL),(529,'hacker',1,'权属人管理','房屋调查编号:路北、柏张路103','2021-06-29 08:56:09',NULL),(530,'admin',0,'权属人管理','房屋调查编号:19','2021-06-29 10:55:06',NULL),(531,'hacker',0,'权属人管理','房屋调查编号:21+1','2021-06-30 02:57:35',NULL),(532,'hacker',-1,'权属人管理','房屋调查编号:B22补','2021-06-30 03:00:27',NULL),(533,'hacker',-1,'权属人管理','房屋调查编号:路北、柏张路103','2021-06-30 03:00:28',NULL),(534,'hacker',-1,'权属人管理','房屋调查编号:北51','2021-06-30 03:00:30',NULL),(535,'hacker',-1,'权属人管理','房屋调查编号:北47','2021-06-30 03:00:32',NULL),(536,'hacker',-1,'权属人管理','房屋调查编号:北45','2021-06-30 03:00:33',NULL),(537,'hacker',-1,'权属人管理','房屋调查编号:北41','2021-06-30 03:00:35',NULL),(538,'hacker',-1,'权属人管理','房屋调查编号:北37+1','2021-06-30 03:00:36',NULL),(539,'hacker',-1,'权属人管理','房屋调查编号:北35','2021-06-30 03:00:37',NULL),(540,'hacker',-1,'权属人管理','房屋调查编号:3','2021-06-30 03:00:39',NULL),(541,'hacker',-1,'权属人管理','房屋调查编号:北19+1','2021-06-30 03:00:40',NULL),(542,'hacker',-1,'权属人管理','房屋调查编号:北18+3','2021-06-30 03:00:41',NULL),(543,'hacker',-1,'权属人管理','房屋调查编号:北18+2','2021-06-30 03:00:43',NULL),(544,'hacker',-1,'权属人管理','房屋调查编号:北18+1','2021-06-30 03:00:44',NULL),(545,'hacker',-1,'权属人管理','房屋调查编号:北18','2021-06-30 03:00:45',NULL),(546,'hacker',-1,'权属人管理','房屋调查编号:北3','2021-06-30 03:00:46',NULL),(547,'hacker',-1,'权属人管理','房屋调查编号:政17','2021-06-30 03:00:49',NULL),(548,'hacker',-1,'权属人管理','房屋调查编号:政16','2021-06-30 03:00:50',NULL),(549,'hacker',-1,'权属人管理','房屋调查编号:政11、15','2021-06-30 03:00:52',NULL),(550,'hacker',-1,'权属人管理','房屋调查编号:政6','2021-06-30 03:00:53',NULL),(551,'hacker',-1,'权属人管理','房屋调查编号:政3','2021-06-30 03:00:55',NULL),(552,'hacker',-1,'权属人管理','房屋调查编号:政10','2021-06-30 03:00:58',NULL),(553,'hacker',-1,'权属人管理','房屋调查编号:北19+2','2021-06-30 03:01:00',NULL),(554,'hacker',-1,'权属人管理','房屋调查编号:北19','2021-06-30 03:01:01',NULL),(555,'hacker',-1,'权属人管理','房屋调查编号:C24右','2021-06-30 03:01:02',NULL),(556,'hacker',-1,'权属人管理','房屋调查编号:C24左','2021-06-30 03:01:03',NULL),(557,'hacker',-1,'权属人管理','房屋调查编号:C22','2021-06-30 03:01:05',NULL),(558,'hacker',-1,'权属人管理','房屋调查编号:C35','2021-06-30 03:01:06',NULL),(559,'hacker',-1,'权属人管理','房屋调查编号:C41','2021-06-30 03:01:08',NULL),(560,'hacker',-1,'权属人管理','房屋调查编号:','2021-06-30 03:01:09',NULL),(561,'hacker',-1,'权属人管理','房屋调查编号:','2021-06-30 03:01:11',NULL),(562,'hacker',-1,'权属人管理','房屋调查编号:','2021-06-30 03:01:12',NULL),(563,'hacker',-1,'权属人管理','房屋调查编号:','2021-06-30 03:01:13',NULL),(564,'hacker',-1,'权属人管理','房屋调查编号:','2021-06-30 03:01:15',NULL),(565,'hacker',-1,'权属人管理','房屋调查编号:','2021-06-30 03:01:16',NULL),(566,'hacker',-1,'权属人管理','房屋调查编号:','2021-06-30 03:01:18',NULL),(567,'hacker',-1,'权属人管理','房屋调查编号:','2021-06-30 03:01:19',NULL),(568,'hacker',-1,'权属人管理','房屋调查编号:','2021-06-30 03:01:20',NULL),(569,'hacker',-1,'权属人管理','房屋调查编号:','2021-06-30 03:01:22',NULL),(570,'hacker',-1,'权属人管理','房屋调查编号:','2021-06-30 03:01:23',NULL),(571,'hacker',-1,'权属人管理','房屋调查编号:','2021-06-30 03:01:26',NULL),(572,'hacker',-1,'权属人管理','房屋调查编号:','2021-06-30 03:01:27',NULL),(573,'hacker',-1,'权属人管理','房屋调查编号:','2021-06-30 03:01:30',NULL),(574,'hacker',-1,'权属人管理','房屋调查编号:','2021-06-30 03:01:31',NULL),(575,'hacker',-1,'权属人管理','房屋调查编号:','2021-06-30 03:01:33',NULL),(576,'hacker',-1,'权属人管理','房屋调查编号:','2021-06-30 03:01:34',NULL),(577,'hacker',-1,'权属人管理','房屋调查编号:','2021-06-30 03:01:36',NULL),(578,'hacker',-1,'权属人管理','房屋调查编号:115 115+1','2021-06-30 03:01:37',NULL),(579,'hacker',-1,'权属人管理','房屋调查编号:','2021-06-30 03:01:38',NULL),(580,'hacker',-1,'权属人管理','房屋调查编号:','2021-06-30 03:01:40',NULL),(581,'hacker',-1,'权属人管理','房屋调查编号:','2021-06-30 03:01:41',NULL),(582,'hacker',-1,'权属人管理','房屋调查编号:','2021-06-30 03:01:43',NULL),(583,'hacker',-1,'权属人管理','房屋调查编号:','2021-06-30 03:01:44',NULL),(584,'hacker',-1,'权属人管理','房屋调查编号:','2021-06-30 03:01:46',NULL),(585,'hacker',-1,'权属人管理','房屋调查编号:','2021-06-30 03:01:47',NULL),(586,'hacker',-1,'权属人管理','房屋调查编号:','2021-06-30 03:01:48',NULL),(587,'hacker',-1,'权属人管理','房屋调查编号:','2021-06-30 03:01:50',NULL),(588,'hacker',-1,'权属人管理','房屋调查编号:','2021-06-30 03:01:51',NULL),(589,'hacker',-1,'权属人管理','房屋调查编号:','2021-06-30 03:01:52',NULL),(590,'hacker',-1,'权属人管理','房屋调查编号:102+1','2021-06-30 03:01:54',NULL),(591,'hacker',-1,'权属人管理','房屋调查编号:','2021-06-30 03:01:55',NULL),(592,'hacker',-1,'权属人管理','房屋调查编号:','2021-06-30 03:01:57',NULL),(593,'hacker',-1,'权属人管理','房屋调查编号:','2021-06-30 03:01:58',NULL),(594,'hacker',-1,'权属人管理','房屋调查编号:','2021-06-30 03:02:00',NULL),(595,'hacker',-1,'权属人管理','房屋调查编号:95+1','2021-06-30 03:02:02',NULL),(596,'hacker',-1,'权属人管理','房屋调查编号:','2021-06-30 03:02:04',NULL),(597,'hacker',-1,'权属人管理','房屋调查编号:2','2021-06-30 03:02:05',NULL),(598,'hacker',-1,'权属人管理','房屋调查编号:1','2021-06-30 03:02:06',NULL),(599,'hacker',-1,'权属人管理','房屋调查编号:7','2021-06-30 03:02:08',NULL),(600,'hacker',-1,'权属人管理','房屋调查编号:6','2021-06-30 03:02:09',NULL),(601,'hacker',-1,'权属人管理','房屋调查编号:北5','2021-06-30 03:02:11',NULL),(602,'hacker',-1,'权属人管理','房屋调查编号:北7','2021-06-30 03:02:12',NULL),(603,'hacker',-1,'权属人管理','房屋调查编号:北9+1','2021-06-30 03:02:15',NULL),(604,'hacker',-1,'权属人管理','房屋调查编号:北9','2021-06-30 03:02:16',NULL),(605,'hacker',-1,'权属人管理','房屋调查编号:北11','2021-06-30 03:02:18',NULL),(606,'hacker',-1,'权属人管理','房屋调查编号:北13','2021-06-30 03:02:19',NULL),(607,'hacker',-1,'权属人管理','房屋调查编号:北15','2021-06-30 03:02:20',NULL),(608,'hacker',-1,'权属人管理','房屋调查编号:北17','2021-06-30 03:02:22',NULL),(609,'hacker',-1,'权属人管理','房屋调查编号:北23','2021-06-30 03:02:16',NULL),(610,'hacker',-1,'权属人管理','房屋调查编号:北25','2021-06-30 03:02:17',NULL),(611,'hacker',-1,'权属人管理','房屋调查编号:北29','2021-06-30 03:02:19',NULL),(612,'hacker',-1,'权属人管理','房屋调查编号:北31','2021-06-30 03:02:20',NULL),(613,'hacker',-1,'权属人管理','房屋调查编号:北33','2021-06-30 03:02:22',NULL),(614,'hacker',-1,'权属人管理','房屋调查编号:北35+13','2021-06-30 03:02:24',NULL),(615,'hacker',-1,'权属人管理','房屋调查编号:北35+11','2021-06-30 03:02:25',NULL),(616,'hacker',-1,'权属人管理','房屋调查编号:北35+10','2021-06-30 03:02:26',NULL),(617,'hacker',-1,'权属人管理','房屋调查编号:北35+9','2021-06-30 03:02:28',NULL),(618,'hacker',-1,'权属人管理','房屋调查编号:北35+8','2021-06-30 03:02:30',NULL),(619,'hacker',-1,'权属人管理','房屋调查编号:北35+7','2021-06-30 03:02:31',NULL),(620,'hacker',-1,'权属人管理','房屋调查编号:北35+6','2021-06-30 03:02:32',NULL),(621,'hacker',-1,'权属人管理','房屋调查编号:北35+5','2021-06-30 03:02:34',NULL),(622,'hacker',-1,'权属人管理','房屋调查编号:北35+4','2021-06-30 03:02:36',NULL),(623,'hacker',-1,'权属人管理','房屋调查编号:北35+3','2021-06-30 03:02:37',NULL),(624,'hacker',-1,'权属人管理','房屋调查编号:北35+2','2021-06-30 03:02:38',NULL),(625,'hacker',-1,'权属人管理','房屋调查编号:北37','2021-06-30 03:02:40',NULL),(626,'hacker',-1,'权属人管理','房屋调查编号:北39','2021-06-30 03:02:43',NULL),(627,'hacker',-1,'权属人管理','房屋调查编号:北43','2021-06-30 03:02:45',NULL),(628,'hacker',-1,'权属人管理','房屋调查编号:北53','2021-06-30 03:02:46',NULL),(629,'hacker',-1,'权属人管理','房屋调查编号:北55','2021-06-30 03:02:48',NULL),(630,'hacker',-1,'权属人管理','房屋调查编号:北57','2021-06-30 03:02:49',NULL),(631,'hacker',-1,'权属人管理','房屋调查编号:北59+1','2021-06-30 03:02:51',NULL),(632,'hacker',-1,'权属人管理','房屋调查编号:北59','2021-06-30 03:02:52',NULL),(633,'hacker',-1,'权属人管理','房屋调查编号:北61','2021-06-30 03:02:53',NULL),(634,'hacker',-1,'权属人管理','房屋调查编号:北63 北63+1 \n 北63+2 北63+3','2021-06-30 03:02:54',NULL),(635,'hacker',-1,'权属人管理','房屋调查编号:北65','2021-06-30 03:02:55',NULL),(636,'hacker',-1,'权属人管理','房屋调查编号:北67','2021-06-30 03:02:57',NULL),(637,'hacker',-1,'权属人管理','房屋调查编号:北69','2021-06-30 03:02:59',NULL),(638,'hacker',-1,'权属人管理','房屋调查编号:北71','2021-06-30 03:03:00',NULL),(639,'hacker',-1,'权属人管理','房屋调查编号:北73','2021-06-30 03:03:01',NULL),(640,'hacker',-1,'权属人管理','房屋调查编号:北75','2021-06-30 03:03:02',NULL),(641,'hacker',-1,'权属人管理','房屋调查编号:北77','2021-06-30 03:03:04',NULL),(642,'hacker',-1,'权属人管理','房屋调查编号:北79','2021-06-30 03:03:05',NULL),(643,'hacker',-1,'权属人管理','房屋调查编号:北81','2021-06-30 03:03:06',NULL),(644,'hacker',-1,'权属人管理','房屋调查编号:北83','2021-06-30 03:03:09',NULL),(645,'hacker',-1,'权属人管理','房屋调查编号:北85','2021-06-30 03:03:11',NULL),(646,'hacker',-1,'权属人管理','房屋调查编号:北87','2021-06-30 03:03:12',NULL),(647,'hacker',-1,'权属人管理','房屋调查编号:北89','2021-06-30 03:03:13',NULL),(648,'hacker',-1,'权属人管理','房屋调查编号:北91','2021-06-30 03:03:15',NULL),(649,'hacker',-1,'权属人管理','房屋调查编号:北93','2021-06-30 03:03:16',NULL),(650,'hacker',-1,'权属人管理','房屋调查编号:北95','2021-06-30 03:03:18',NULL),(651,'hacker',-1,'权属人管理','房屋调查编号:北97','2021-06-30 03:03:19',NULL),(652,'hacker',-1,'权属人管理','房屋调查编号:北99','2021-06-30 03:03:20',NULL),(653,'hacker',-1,'权属人管理','房屋调查编号:C25','2021-06-30 03:03:22',NULL),(654,'hacker',-1,'权属人管理','房屋调查编号:19+12','2021-06-30 03:03:23',NULL),(655,'hacker',-1,'权属人管理','房屋调查编号:19+11','2021-06-30 03:03:24',NULL),(656,'hacker',-1,'权属人管理','房屋调查编号:19+10','2021-06-30 03:03:26',NULL),(657,'hacker',-1,'权属人管理','房屋调查编号:19+9','2021-06-30 03:03:27',NULL),(658,'hacker',-1,'权属人管理','房屋调查编号:19+8','2021-06-30 03:03:28',NULL),(659,'hacker',-1,'权属人管理','房屋调查编号:19+7','2021-06-30 03:03:29',NULL),(660,'hacker',-1,'权属人管理','房屋调查编号:19+6','2021-06-30 03:03:31',NULL),(661,'hacker',-1,'权属人管理','房屋调查编号:19+5','2021-06-30 03:03:33',NULL),(662,'hacker',-1,'权属人管理','房屋调查编号:19+4','2021-06-30 03:03:34',NULL),(663,'hacker',-1,'权属人管理','房屋调查编号:19+3','2021-06-30 03:03:36',NULL),(664,'hacker',-1,'权属人管理','房屋调查编号:19+2','2021-06-30 03:03:37',NULL),(665,'hacker',-1,'权属人管理','房屋调查编号:19+1','2021-06-30 03:03:39',NULL),(666,'hacker',-1,'权属人管理','房屋调查编号:B21','2021-06-30 03:03:41',NULL),(667,'hacker',-1,'权属人管理','房屋调查编号:B23','2021-06-30 03:03:42',NULL),(668,'hacker',-1,'权属人管理','房屋调查编号:B26','2021-06-30 03:03:44',NULL),(669,'hacker',-1,'权属人管理','房屋调查编号:B32','2021-06-30 03:03:45',NULL),(670,'hacker',-1,'权属人管理','房屋调查编号:B39','2021-06-30 03:03:46',NULL),(671,'hacker',-1,'权属人管理','房屋调查编号:B48','2021-06-30 03:03:48',NULL),(672,'hacker',-1,'权属人管理','房屋调查编号:B2+2','2021-06-30 03:03:49',NULL),(673,'hacker',-1,'权属人管理','房屋调查编号:B2+1','2021-06-30 03:03:51',NULL),(674,'hacker',-1,'权属人管理','房屋调查编号:B2','2021-06-30 03:03:52',NULL),(675,'hacker',-1,'权属人管理','房屋调查编号:C21右','2021-06-30 03:03:54',NULL),(676,'hacker',-1,'权属人管理','房屋调查编号:C21左','2021-06-30 03:03:55',NULL),(677,'hacker',-1,'权属人管理','房屋调查编号:C21','2021-06-30 03:03:57',NULL),(678,'hacker',-1,'权属人管理','房屋调查编号:C35+1','2021-06-30 03:03:58',NULL),(679,'hacker',-1,'权属人管理','房屋调查编号:C34','2021-06-30 03:03:59',NULL),(680,'hacker',-1,'权属人管理','房屋调查编号:C19','2021-06-30 03:04:01',NULL),(681,'hacker',-1,'权属人管理','房屋调查编号:C32','2021-06-30 03:04:02',NULL),(682,'hacker',-1,'权属人管理','房屋调查编号:C31','2021-06-30 03:04:03',NULL),(683,'hacker',-1,'权属人管理','房屋调查编号:C28+1','2021-06-30 03:04:05',NULL),(684,'hacker',-1,'权属人管理','房屋调查编号:C29','2021-06-30 03:04:06',NULL),(685,'hacker',-1,'权属人管理','房屋调查编号:C40','2021-06-30 03:04:07',NULL),(686,'hacker',-1,'权属人管理','房屋调查编号:C30','2021-06-30 03:04:08',NULL),(687,'hacker',-1,'权属人管理','房屋调查编号:C38','2021-06-30 03:04:10',NULL),(688,'hacker',-1,'权属人管理','房屋调查编号:C15','2021-06-30 03:04:13',NULL),(689,'hacker',-1,'权属人管理','房屋调查编号:C14','2021-06-30 03:04:14',NULL),(690,'hacker',-1,'权属人管理','房屋调查编号:C13','2021-06-30 03:04:16',NULL),(691,'hacker',-1,'权属人管理','房屋调查编号:C26','2021-06-30 03:04:18',NULL),(692,'hacker',-1,'权属人管理','房屋调查编号:李湾补1','2021-06-30 03:04:20',NULL),(693,'hacker',-1,'权属人管理','房屋调查编号:李26+1','2021-06-30 03:04:21',NULL),(694,'hacker',-1,'权属人管理','房屋调查编号:李31','2021-06-30 03:04:22',NULL),(695,'hacker',-1,'权属人管理','房屋调查编号:李30','2021-06-30 03:04:24',NULL),(696,'hacker',-1,'权属人管理','房屋调查编号:李35+1','2021-06-30 03:04:25',NULL),(697,'hacker',-1,'权属人管理','房屋调查编号:李35','2021-06-30 03:04:26',NULL),(698,'hacker',-1,'权属人管理','房屋调查编号:李29','2021-06-30 03:04:27',NULL),(699,'hacker',-1,'权属人管理','房屋调查编号:李28','2021-06-30 03:04:29',NULL),(700,'hacker',-1,'权属人管理','房屋调查编号:李27','2021-06-30 03:04:31',NULL),(701,'hacker',-1,'权属人管理','房屋调查编号:李37','2021-06-30 03:04:32',NULL),(702,'hacker',-1,'权属人管理','房屋调查编号:李34','2021-06-30 03:04:34',NULL),(703,'hacker',-1,'权属人管理','房屋调查编号:23','2021-06-30 03:04:36',NULL),(704,'hacker',-1,'权属人管理','房屋调查编号:33','2021-06-30 03:04:37',NULL),(705,'hacker',-1,'权属人管理','房屋调查编号:32','2021-06-30 03:04:39',NULL),(706,'hacker',-1,'权属人管理','房屋调查编号:45','2021-06-30 03:04:40',NULL),(707,'hacker',-1,'权属人管理','房屋调查编号:43','2021-06-30 03:04:41',NULL),(708,'hacker',-1,'权属人管理','房屋调查编号:57','2021-06-30 03:04:43',NULL),(709,'hacker',-1,'权属人管理','房屋调查编号:56','2021-06-30 03:04:44',NULL),(710,'hacker',-1,'权属人管理','房屋调查编号:55','2021-06-30 03:04:45',NULL),(711,'hacker',-1,'权属人管理','房屋调查编号:70','2021-06-30 03:04:47',NULL),(712,'hacker',-1,'权属人管理','房屋调查编号:69','2021-06-30 03:04:49',NULL),(713,'hacker',-1,'权属人管理','房屋调查编号:31','2021-06-30 03:04:52',NULL),(714,'hacker',-1,'权属人管理','房屋调查编号:42','2021-06-30 03:04:55',NULL),(715,'hacker',-1,'权属人管理','房屋调查编号:41','2021-06-30 03:04:56',NULL),(716,'hacker',-1,'权属人管理','房屋调查编号:40','2021-06-30 03:04:58',NULL),(717,'hacker',-1,'权属人管理','房屋调查编号:50','2021-06-30 03:05:00',NULL),(718,'hacker',-1,'权属人管理','房屋调查编号:67','2021-06-30 03:05:01',NULL),(719,'hacker',-1,'权属人管理','房屋调查编号:54','2021-06-30 03:05:02',NULL),(720,'hacker',-1,'权属人管理','房屋调查编号:53','2021-06-30 03:05:04',NULL),(721,'hacker',-1,'权属人管理','房屋调查编号:52','2021-06-30 03:05:05',NULL),(722,'hacker',-1,'权属人管理','房屋调查编号:51','2021-06-30 03:05:07',NULL),(723,'hacker',-1,'权属人管理','房屋调查编号:71','2021-06-30 03:05:08',NULL),(724,'hacker',-1,'权属人管理','房屋调查编号:85+1','2021-06-30 03:05:10',NULL),(725,'hacker',-1,'权属人管理','房屋调查编号:85','2021-06-30 03:05:12',NULL),(726,'hacker',-1,'权属人管理','房屋调查编号:84','2021-06-30 03:05:13',NULL),(727,'hacker',-1,'权属人管理','房屋调查编号:83','2021-06-30 03:05:15',NULL),(728,'hacker',-1,'权属人管理','房屋调查编号:68','2021-06-30 03:05:16',NULL),(729,'hacker',-1,'权属人管理','房屋调查编号:66','2021-06-30 03:05:18',NULL),(730,'hacker',-1,'权属人管理','房屋调查编号:80+1','2021-06-30 03:05:19',NULL),(731,'hacker',-1,'权属人管理','房屋调查编号:80','2021-06-30 03:05:20',NULL),(732,'hacker',-1,'权属人管理','房屋调查编号:82','2021-06-30 03:05:21',NULL),(733,'hacker',-1,'权属人管理','房屋调查编号: 81+1','2021-06-30 03:05:23',NULL),(734,'hacker',-1,'权属人管理','房屋调查编号:81','2021-06-30 03:05:24',NULL),(735,'hacker',-1,'权属人管理','房屋调查编号:87','2021-06-30 03:05:25',NULL),(736,'hacker',-1,'权属人管理','房屋调查编号:90','2021-06-30 03:05:27',NULL),(737,'hacker',-1,'权属人管理','房屋调查编号:93','2021-06-30 03:05:30',NULL),(738,'hacker',-1,'权属人管理','房屋调查编号:94','2021-06-30 03:05:31',NULL),(739,'hacker',-1,'权属人管理','房屋调查编号:92','2021-06-30 03:05:35',NULL),(740,'hacker',-1,'权属人管理','房屋调查编号:91+1','2021-06-30 03:05:36',NULL),(741,'hacker',-1,'权属人管理','房屋调查编号:91','2021-06-30 03:05:38',NULL),(742,'hacker',-1,'权属人管理','房屋调查编号:124','2021-06-30 03:05:39',NULL),(743,'hacker',-1,'权属人管理','房屋调查编号:10+1','2021-06-30 03:05:40',NULL),(744,'hacker',-1,'权属人管理','房屋调查编号:10','2021-06-30 03:05:43',NULL),(745,'hacker',-1,'权属人管理','房屋调查编号:9+1','2021-06-30 03:05:44',NULL),(746,'hacker',-1,'权属人管理','房屋调查编号:9','2021-06-30 03:05:46',NULL),(747,'hacker',-1,'权属人管理','房屋调查编号:8','2021-06-30 03:05:47',NULL),(748,'hacker',-1,'权属人管理','房屋调查编号:22','2021-06-30 03:05:48',NULL),(749,'hacker',-1,'权属人管理','房屋调查编号:12','2021-06-30 03:05:50',NULL),(750,'hacker',-1,'权属人管理','房屋调查编号:20','2021-06-30 03:05:51',NULL),(751,'hacker',-1,'权属人管理','房屋调查编号:21','2021-06-30 03:05:52',NULL),(752,'hacker',-1,'权属人管理','房屋调查编号:21+1','2021-06-30 03:05:53',NULL),(753,'hacker',-1,'权属人管理','房屋调查编号:11','2021-06-30 03:05:54',NULL),(754,'hacker',-1,'权属人管理','房屋调查编号:16','2021-06-30 03:05:55',NULL),(755,'hacker',-1,'权属人管理','房屋调查编号:19','2021-06-30 03:05:57',NULL),(756,'hacker',-1,'权属人管理','房屋调查编号:18','2021-06-30 03:05:58',NULL),(757,'hacker',-1,'权属人管理','房屋调查编号:17','2021-06-30 03:06:00',NULL),(758,'hacker',-1,'权属人管理','房屋调查编号:25','2021-06-30 03:06:02',NULL),(759,'hacker',-1,'权属人管理','房屋调查编号:30','2021-06-30 03:06:03',NULL),(760,'hacker',-1,'权属人管理','房屋调查编号:24','2021-06-30 03:06:04',NULL),(761,'hacker',-1,'权属人管理','房屋调查编号:28','2021-06-30 03:06:05',NULL),(762,'hacker',-1,'权属人管理','房屋调查编号:29','2021-06-30 03:06:07',NULL),(763,'hacker',-1,'权属人管理','房屋调查编号:27','2021-06-30 03:06:09',NULL),(764,'hacker',-1,'权属人管理','房屋调查编号:26','2021-06-30 03:06:11',NULL),(765,'hacker',-1,'权属人管理','房屋调查编号:34','2021-06-30 03:06:12',NULL),(766,'hacker',-1,'权属人管理','房屋调查编号:38','2021-06-30 03:06:14',NULL),(767,'hacker',-1,'权属人管理','房屋调查编号:37','2021-06-30 03:06:15',NULL),(768,'hacker',-1,'权属人管理','房屋调查编号:36','2021-06-30 03:06:16',NULL),(769,'hacker',-1,'权属人管理','房屋调查编号:35','2021-06-30 03:06:17',NULL),(770,'hacker',-1,'权属人管理','房屋调查编号:49+1','2021-06-30 03:06:19',NULL),(771,'hacker',-1,'权属人管理','房屋调查编号:49','2021-06-30 03:06:20',NULL),(772,'hacker',-1,'权属人管理','房屋调查编号:48','2021-06-30 03:06:23',NULL),(773,'hacker',-1,'权属人管理','房屋调查编号:47','2021-06-30 03:06:27',NULL),(774,'hacker',-1,'权属人管理','房屋调查编号:46','2021-06-30 03:06:28',NULL),(775,'hacker',-1,'权属人管理','房屋调查编号:61+1','2021-06-30 03:06:30',NULL),(776,'hacker',-1,'权属人管理','房屋调查编号:61','2021-06-30 03:06:31',NULL),(777,'hacker',-1,'权属人管理','房屋调查编号:60','2021-06-30 03:06:32',NULL),(778,'hacker',-1,'权属人管理','房屋调查编号:59','2021-06-30 03:06:34',NULL),(779,'hacker',-1,'权属人管理','房屋调查编号:58','2021-06-30 03:06:35',NULL),(780,'hacker',-1,'权属人管理','房屋调查编号:62','2021-06-30 03:06:36',NULL),(781,'hacker',-1,'权属人管理','房屋调查编号:64    76','2021-06-30 03:06:38',NULL),(782,'hacker',-1,'权属人管理','房屋调查编号:63+1','2021-06-30 03:06:40',NULL),(783,'hacker',-1,'权属人管理','房屋调查编号:63','2021-06-30 03:06:41',NULL),(784,'hacker',-1,'权属人管理','房屋调查编号:77','2021-06-30 03:06:42',NULL),(785,'hacker',-1,'权属人管理','房屋调查编号:75','2021-06-30 03:06:43',NULL),(786,'hacker',-1,'权属人管理','房屋调查编号:74','2021-06-30 03:06:45',NULL),(787,'hacker',-1,'权属人管理','房屋调查编号:73','2021-06-30 03:06:47',NULL),(788,'hacker',-1,'权属人管理','房屋调查编号:72','2021-06-30 03:06:48',NULL),(789,'hacker',-1,'权属人管理','房屋调查编号:78+1','2021-06-30 03:06:49',NULL),(790,'hacker',-1,'权属人管理','房屋调查编号:78','2021-06-30 03:06:51',NULL),(791,'hacker',-1,'权属人管理','房屋调查编号:89','2021-06-30 03:06:53',NULL),(792,'hacker',-1,'权属人管理','房屋调查编号:89+1','2021-06-30 03:06:54',NULL),(793,'hacker',-1,'权属人管理','房屋调查编号:88','2021-06-30 03:06:55',NULL),(794,'hacker',-1,'权属人管理','房屋调查编号:112+1','2021-06-30 03:06:57',NULL),(795,'hacker',-1,'权属人管理','房屋调查编号:104+1','2021-06-30 03:07:00',NULL),(796,'hacker',-1,'权属人管理','房屋调查编号:101+1','2021-06-30 03:07:01',NULL),(797,'hacker',-1,'权属人管理','房屋调查编号:101','2021-06-30 03:07:03',NULL),(798,'hacker',-1,'权属人管理','房屋调查编号:122+1','2021-06-30 03:07:04',NULL),(799,'hacker',-1,'权属人管理','房屋调查编号:97','2021-06-30 03:07:05',NULL),(800,'hacker',-1,'权属人管理','房屋调查编号:H27','2021-06-30 03:07:07',NULL),(801,'hacker',-1,'权属人管理','房屋调查编号:H5+1','2021-06-30 03:07:08',NULL),(802,'hacker',-1,'权属人管理','房屋调查编号:H13+1','2021-06-30 03:07:10',NULL),(803,'hacker',-1,'权属人管理','房屋调查编号:H22','2021-06-30 03:07:11',NULL),(804,'hacker',-1,'权属人管理','房屋调查编号:H12+1','2021-06-30 03:07:13',NULL),(805,'hacker',-1,'权属人管理','房屋调查编号:H10','2021-06-30 03:07:14',NULL),(806,'hacker',-1,'权属人管理','房屋调查编号:H15','2021-06-30 03:07:15',NULL),(807,'hacker',-1,'权属人管理','房屋调查编号:C42','2021-06-30 03:07:16',NULL),(808,'hacker',-1,'权属人管理','房屋调查编号:C37','2021-06-30 03:07:18',NULL),(809,'hacker',-1,'权属人管理','房屋调查编号:C36','2021-06-30 03:07:20',NULL),(810,'hacker',-1,'权属人管理','房屋调查编号:108','2021-06-30 03:07:21',NULL),(811,'hacker',-1,'权属人管理','房屋调查编号:106','2021-06-30 03:07:22',NULL),(812,'hacker',-1,'权属人管理','房屋调查编号:96','2021-06-30 03:07:24',NULL),(813,'hacker',-1,'权属人管理','房屋调查编号:B42','2021-06-30 03:07:25',NULL),(814,'hacker',-1,'权属人管理','房屋调查编号:B44','2021-06-30 03:07:27',NULL),(815,'hacker',-1,'权属人管理','房屋调查编号:B45','2021-06-30 03:07:28',NULL),(816,'hacker',-1,'权属人管理','房屋调查编号:北35+1','2021-06-30 03:07:30',NULL),(817,'hacker',-1,'权属人管理','房屋调查编号:政17+1','2021-06-30 03:07:31',NULL),(818,'hacker',-1,'权属人管理','房屋调查编号:北20','2021-06-30 03:07:33',NULL),(819,'hacker',-1,'权属人管理','房屋调查编号:政17+2','2021-06-30 03:07:34',NULL),(820,'hacker',-1,'权属人管理','房屋调查编号:C8','2021-06-30 03:07:36',NULL),(821,'hacker',-1,'权属人管理','房屋调查编号:北27','2021-06-30 03:07:38',NULL),(822,'hacker',-1,'权属人管理','房屋调查编号:北35+12','2021-06-30 03:07:39',NULL),(823,'hacker',-1,'权属人管理','房屋调查编号:北63+3','2021-06-30 03:07:40',NULL),(824,'hacker',-1,'权属人管理','房屋调查编号:北63+2','2021-06-30 03:07:42',NULL),(825,'hacker',-1,'权属人管理','房屋调查编号:北63+1','2021-06-30 03:07:43',NULL),(826,'hacker',-1,'权属人管理','房屋调查编号:北63','2021-06-30 03:07:44',NULL),(827,'hacker',-1,'权属人管理','房屋调查编号:北49','2021-06-30 03:07:46',NULL),(828,'hacker',-1,'权属人管理','房屋调查编号:C28','2021-06-30 03:07:47',NULL),(829,'hacker',-1,'权属人管理','房屋调查编号:C33','2021-06-30 03:07:49',NULL),(830,'hacker',-1,'权属人管理','房屋调查编号:C39','2021-06-30 03:07:52',NULL),(831,'hacker',-1,'权属人管理','房屋调查编号:81+1','2021-06-30 03:07:53',NULL),(832,'hacker',-1,'权属人管理','房屋调查编号:44','2021-06-30 03:07:55',NULL),(833,'hacker',-1,'权属人管理','房屋调查编号:68+1','2021-06-30 03:07:56',NULL),(834,'hacker',-1,'权属人管理','房屋调查编号:B24','2021-06-30 03:07:57',NULL),(835,'hacker',-1,'权属人管理','房屋调查编号:B4','2021-06-30 03:08:00',NULL),(836,'hacker',-1,'权属人管理','房屋调查编号:B9','2021-06-30 03:08:01',NULL),(837,'hacker',-1,'权属人管理','房屋调查编号:B22','2021-06-30 03:08:03',NULL),(838,'hacker',-1,'权属人管理','房屋调查编号:B8','2021-06-30 03:08:04',NULL),(839,'hacker',1,'权属人管理','房屋调查编号:B8','2021-06-30 03:08:56',NULL),(840,'hacker',1,'权属人管理','房屋调查编号:B9','2021-06-30 03:08:56',NULL),(841,'hacker',1,'权属人管理','房屋调查编号:B4','2021-06-30 03:08:56',NULL),(842,'hacker',1,'权属人管理','房屋调查编号:B2','2021-06-30 03:08:56',NULL),(843,'hacker',1,'权属人管理','房屋调查编号:B2+1','2021-06-30 03:08:56',NULL),(844,'hacker',1,'权属人管理','房屋调查编号:B2+2','2021-06-30 03:08:56',NULL),(845,'hacker',1,'权属人管理','房屋调查编号:B48','2021-06-30 03:08:56',NULL),(846,'hacker',1,'权属人管理','房屋调查编号:B39','2021-06-30 03:08:56',NULL),(847,'hacker',1,'权属人管理','房屋调查编号:B32','2021-06-30 03:08:56',NULL),(848,'hacker',1,'权属人管理','房屋调查编号:B26','2021-06-30 03:08:56',NULL),(849,'hacker',1,'权属人管理','房屋调查编号:B23','2021-06-30 03:08:56',NULL),(850,'hacker',1,'权属人管理','房屋调查编号:B24','2021-06-30 03:08:56',NULL),(851,'hacker',1,'权属人管理','房屋调查编号:B21','2021-06-30 03:08:56',NULL),(852,'hacker',1,'权属人管理','房屋调查编号:B22','2021-06-30 03:08:56',NULL),(853,'hacker',1,'权属人管理','房屋调查编号:19+1','2021-06-30 03:08:56',NULL),(854,'hacker',1,'权属人管理','房屋调查编号:19+2','2021-06-30 03:08:56',NULL),(855,'hacker',1,'权属人管理','房屋调查编号:19+3','2021-06-30 03:08:56',NULL),(856,'hacker',1,'权属人管理','房屋调查编号:19+4','2021-06-30 03:08:56',NULL),(857,'hacker',1,'权属人管理','房屋调查编号:19+5','2021-06-30 03:08:56',NULL),(858,'hacker',1,'权属人管理','房屋调查编号:19+6','2021-06-30 03:08:56',NULL),(859,'hacker',1,'权属人管理','房屋调查编号:19+7','2021-06-30 03:08:56',NULL),(860,'hacker',1,'权属人管理','房屋调查编号:19+8','2021-06-30 03:08:56',NULL),(861,'hacker',1,'权属人管理','房屋调查编号:19+9','2021-06-30 03:08:56',NULL),(862,'hacker',1,'权属人管理','房屋调查编号:19+10','2021-06-30 03:08:56',NULL),(863,'hacker',1,'权属人管理','房屋调查编号:19+11','2021-06-30 03:08:56',NULL),(864,'hacker',1,'权属人管理','房屋调查编号:19+12','2021-06-30 03:08:56',NULL),(865,'hacker',1,'权属人管理','房屋调查编号:B22补','2021-06-30 03:08:56',NULL),(866,'hacker',1,'权属人管理','房屋调查编号:97','2021-06-30 03:09:19',NULL),(867,'hacker',1,'权属人管理','房屋调查编号:122+1','2021-06-30 03:09:19',NULL),(868,'hacker',1,'权属人管理','房屋调查编号:101','2021-06-30 03:09:19',NULL),(869,'hacker',1,'权属人管理','房屋调查编号:101+1','2021-06-30 03:09:19',NULL),(870,'hacker',1,'权属人管理','房屋调查编号:104+1','2021-06-30 03:09:19',NULL),(871,'hacker',1,'权属人管理','房屋调查编号:112+1','2021-06-30 03:09:19',NULL),(872,'hacker',1,'权属人管理','房屋调查编号:88','2021-06-30 03:09:19',NULL),(873,'hacker',1,'权属人管理','房屋调查编号:89+1','2021-06-30 03:09:19',NULL),(874,'hacker',1,'权属人管理','房屋调查编号:89','2021-06-30 03:09:19',NULL),(875,'hacker',1,'权属人管理','房屋调查编号:78','2021-06-30 03:09:19',NULL),(876,'hacker',1,'权属人管理','房屋调查编号:78+1','2021-06-30 03:09:19',NULL),(877,'hacker',1,'权属人管理','房屋调查编号:72','2021-06-30 03:09:19',NULL),(878,'hacker',1,'权属人管理','房屋调查编号:73','2021-06-30 03:09:19',NULL),(879,'hacker',1,'权属人管理','房屋调查编号:74','2021-06-30 03:09:19',NULL),(880,'hacker',1,'权属人管理','房屋调查编号:75','2021-06-30 03:09:19',NULL),(881,'hacker',1,'权属人管理','房屋调查编号:77','2021-06-30 03:09:19',NULL),(882,'hacker',1,'权属人管理','房屋调查编号:63','2021-06-30 03:09:19',NULL),(883,'hacker',1,'权属人管理','房屋调查编号:63+1','2021-06-30 03:09:19',NULL),(884,'hacker',1,'权属人管理','房屋调查编号:64    76','2021-06-30 03:09:19',NULL),(885,'hacker',1,'权属人管理','房屋调查编号:62','2021-06-30 03:09:19',NULL),(886,'hacker',1,'权属人管理','房屋调查编号:58','2021-06-30 03:09:19',NULL),(887,'hacker',1,'权属人管理','房屋调查编号:59','2021-06-30 03:09:19',NULL),(888,'hacker',1,'权属人管理','房屋调查编号:60','2021-06-30 03:09:19',NULL),(889,'hacker',1,'权属人管理','房屋调查编号:61','2021-06-30 03:09:19',NULL),(890,'hacker',1,'权属人管理','房屋调查编号:61+1','2021-06-30 03:09:19',NULL),(891,'hacker',1,'权属人管理','房屋调查编号:46','2021-06-30 03:09:19',NULL),(892,'hacker',1,'权属人管理','房屋调查编号:47','2021-06-30 03:09:19',NULL),(893,'hacker',1,'权属人管理','房屋调查编号:48','2021-06-30 03:09:19',NULL),(894,'hacker',1,'权属人管理','房屋调查编号:49','2021-06-30 03:09:19',NULL),(895,'hacker',1,'权属人管理','房屋调查编号:49+1','2021-06-30 03:09:19',NULL),(896,'hacker',1,'权属人管理','房屋调查编号:35','2021-06-30 03:09:19',NULL),(897,'hacker',1,'权属人管理','房屋调查编号:36','2021-06-30 03:09:19',NULL),(898,'hacker',1,'权属人管理','房屋调查编号:37','2021-06-30 03:09:19',NULL),(899,'hacker',1,'权属人管理','房屋调查编号:38','2021-06-30 03:09:19',NULL),(900,'hacker',1,'权属人管理','房屋调查编号:34','2021-06-30 03:09:19',NULL),(901,'hacker',1,'权属人管理','房屋调查编号:26','2021-06-30 03:09:19',NULL),(902,'hacker',1,'权属人管理','房屋调查编号:27','2021-06-30 03:09:19',NULL),(903,'hacker',1,'权属人管理','房屋调查编号:29','2021-06-30 03:09:19',NULL),(904,'hacker',1,'权属人管理','房屋调查编号:28','2021-06-30 03:09:19',NULL),(905,'hacker',1,'权属人管理','房屋调查编号:24','2021-06-30 03:09:19',NULL),(906,'hacker',1,'权属人管理','房屋调查编号:30','2021-06-30 03:09:19',NULL),(907,'hacker',1,'权属人管理','房屋调查编号:25','2021-06-30 03:09:19',NULL),(908,'hacker',1,'权属人管理','房屋调查编号:17','2021-06-30 03:09:19',NULL),(909,'hacker',1,'权属人管理','房屋调查编号:18','2021-06-30 03:09:19',NULL),(910,'hacker',1,'权属人管理','房屋调查编号:19','2021-06-30 03:09:19',NULL),(911,'hacker',1,'权属人管理','房屋调查编号:16','2021-06-30 03:09:19',NULL),(912,'hacker',1,'权属人管理','房屋调查编号:11','2021-06-30 03:09:19',NULL),(913,'hacker',1,'权属人管理','房屋调查编号:21+1','2021-06-30 03:09:19',NULL),(914,'hacker',1,'权属人管理','房屋调查编号:21','2021-06-30 03:09:19',NULL),(915,'hacker',1,'权属人管理','房屋调查编号:20','2021-06-30 03:09:19',NULL),(916,'hacker',1,'权属人管理','房屋调查编号:12','2021-06-30 03:09:19',NULL),(917,'hacker',1,'权属人管理','房屋调查编号:22','2021-06-30 03:09:19',NULL),(918,'hacker',1,'权属人管理','房屋调查编号:8','2021-06-30 03:09:19',NULL),(919,'hacker',1,'权属人管理','房屋调查编号:9','2021-06-30 03:09:19',NULL),(920,'hacker',1,'权属人管理','房屋调查编号:9+1','2021-06-30 03:09:19',NULL),(921,'hacker',1,'权属人管理','房屋调查编号:10','2021-06-30 03:09:19',NULL),(922,'hacker',1,'权属人管理','房屋调查编号:10+1','2021-06-30 03:09:19',NULL),(923,'hacker',1,'权属人管理','房屋调查编号:124','2021-06-30 03:09:19',NULL),(924,'hacker',1,'权属人管理','房屋调查编号:91','2021-06-30 03:09:19',NULL),(925,'hacker',1,'权属人管理','房屋调查编号:91+1','2021-06-30 03:09:19',NULL),(926,'hacker',1,'权属人管理','房屋调查编号:92','2021-06-30 03:09:19',NULL),(927,'hacker',1,'权属人管理','房屋调查编号:94','2021-06-30 03:09:19',NULL),(928,'hacker',1,'权属人管理','房屋调查编号:93','2021-06-30 03:09:19',NULL),(929,'hacker',1,'权属人管理','房屋调查编号:90','2021-06-30 03:09:19',NULL),(930,'hacker',1,'权属人管理','房屋调查编号:87','2021-06-30 03:09:19',NULL),(931,'hacker',1,'权属人管理','房屋调查编号:81','2021-06-30 03:09:19',NULL),(932,'hacker',1,'权属人管理','房屋调查编号: 81+1','2021-06-30 03:09:19',NULL),(933,'hacker',1,'权属人管理','房屋调查编号:82','2021-06-30 03:09:19',NULL),(934,'hacker',1,'权属人管理','房屋调查编号:80','2021-06-30 03:09:19',NULL),(935,'hacker',1,'权属人管理','房屋调查编号:80+1','2021-06-30 03:09:19',NULL),(936,'hacker',1,'权属人管理','房屋调查编号:66','2021-06-30 03:09:19',NULL),(937,'hacker',1,'权属人管理','房屋调查编号:68+1','2021-06-30 03:09:19',NULL),(938,'hacker',1,'权属人管理','房屋调查编号:68','2021-06-30 03:09:19',NULL),(939,'hacker',1,'权属人管理','房屋调查编号:83','2021-06-30 03:09:20',NULL),(940,'hacker',1,'权属人管理','房屋调查编号:84','2021-06-30 03:09:20',NULL),(941,'hacker',1,'权属人管理','房屋调查编号:85','2021-06-30 03:09:20',NULL),(942,'hacker',1,'权属人管理','房屋调查编号:85+1','2021-06-30 03:09:20',NULL),(943,'hacker',1,'权属人管理','房屋调查编号:71','2021-06-30 03:09:20',NULL),(944,'hacker',1,'权属人管理','房屋调查编号:51','2021-06-30 03:09:20',NULL),(945,'hacker',1,'权属人管理','房屋调查编号:52','2021-06-30 03:09:20',NULL),(946,'hacker',1,'权属人管理','房屋调查编号:53','2021-06-30 03:09:20',NULL),(947,'hacker',1,'权属人管理','房屋调查编号:54','2021-06-30 03:09:20',NULL),(948,'hacker',1,'权属人管理','房屋调查编号:67','2021-06-30 03:09:20',NULL),(949,'hacker',1,'权属人管理','房屋调查编号:50','2021-06-30 03:09:20',NULL),(950,'hacker',1,'权属人管理','房屋调查编号:40','2021-06-30 03:09:20',NULL),(951,'hacker',1,'权属人管理','房屋调查编号:41','2021-06-30 03:09:20',NULL),(952,'hacker',1,'权属人管理','房屋调查编号:42','2021-06-30 03:09:20',NULL),(953,'hacker',1,'权属人管理','房屋调查编号:31','2021-06-30 03:09:20',NULL),(954,'hacker',1,'权属人管理','房屋调查编号:69','2021-06-30 03:09:20',NULL),(955,'hacker',1,'权属人管理','房屋调查编号:70','2021-06-30 03:09:20',NULL),(956,'hacker',1,'权属人管理','房屋调查编号:55','2021-06-30 03:09:20',NULL),(957,'hacker',1,'权属人管理','房屋调查编号:56','2021-06-30 03:09:20',NULL),(958,'hacker',1,'权属人管理','房屋调查编号:57','2021-06-30 03:09:20',NULL),(959,'hacker',1,'权属人管理','房屋调查编号:43','2021-06-30 03:09:20',NULL),(960,'hacker',1,'权属人管理','房屋调查编号:44','2021-06-30 03:09:20',NULL),(961,'hacker',1,'权属人管理','房屋调查编号:45','2021-06-30 03:09:20',NULL),(962,'hacker',1,'权属人管理','房屋调查编号:32','2021-06-30 03:09:20',NULL),(963,'hacker',1,'权属人管理','房屋调查编号:33','2021-06-30 03:09:20',NULL),(964,'hacker',1,'权属人管理','房屋调查编号:23','2021-06-30 03:09:20',NULL),(965,'hacker',1,'权属人管理','房屋调查编号:李34','2021-06-30 03:09:20',NULL),(966,'hacker',1,'权属人管理','房屋调查编号:李37','2021-06-30 03:09:20',NULL),(967,'hacker',1,'权属人管理','房屋调查编号:李27','2021-06-30 03:09:20',NULL),(968,'hacker',1,'权属人管理','房屋调查编号:李28','2021-06-30 03:09:20',NULL),(969,'hacker',1,'权属人管理','房屋调查编号:李29','2021-06-30 03:09:20',NULL),(970,'hacker',1,'权属人管理','房屋调查编号:李35','2021-06-30 03:09:20',NULL),(971,'hacker',1,'权属人管理','房屋调查编号:李35+1','2021-06-30 03:09:20',NULL),(972,'hacker',1,'权属人管理','房屋调查编号:李30','2021-06-30 03:09:20',NULL),(973,'hacker',1,'权属人管理','房屋调查编号:李31','2021-06-30 03:09:20',NULL),(974,'hacker',1,'权属人管理','房屋调查编号:李26+1','2021-06-30 03:09:20',NULL),(975,'hacker',1,'权属人管理','房屋调查编号:李湾补1','2021-06-30 03:09:20',NULL),(976,'hacker',1,'权属人管理','房屋调查编号:C26','2021-06-30 03:09:37',NULL),(977,'hacker',1,'权属人管理','房屋调查编号:C13','2021-06-30 03:09:37',NULL),(978,'hacker',1,'权属人管理','房屋调查编号:C14','2021-06-30 03:09:37',NULL),(979,'hacker',1,'权属人管理','房屋调查编号:C15','2021-06-30 03:09:37',NULL),(980,'hacker',1,'权属人管理','房屋调查编号:C38','2021-06-30 03:09:37',NULL),(981,'hacker',1,'权属人管理','房屋调查编号:C39','2021-06-30 03:09:37',NULL),(982,'hacker',1,'权属人管理','房屋调查编号:C30','2021-06-30 03:09:37',NULL),(983,'hacker',1,'权属人管理','房屋调查编号:C33','2021-06-30 03:09:37',NULL),(984,'hacker',1,'权属人管理','房屋调查编号:C40','2021-06-30 03:09:37',NULL),(985,'hacker',1,'权属人管理','房屋调查编号:C29','2021-06-30 03:09:37',NULL),(986,'hacker',1,'权属人管理','房屋调查编号:C28','2021-06-30 03:09:37',NULL),(987,'hacker',1,'权属人管理','房屋调查编号:C28+1','2021-06-30 03:09:37',NULL),(988,'hacker',1,'权属人管理','房屋调查编号:C31','2021-06-30 03:09:37',NULL),(989,'hacker',1,'权属人管理','房屋调查编号:C32','2021-06-30 03:09:37',NULL),(990,'hacker',1,'权属人管理','房屋调查编号:C19','2021-06-30 03:09:37',NULL),(991,'hacker',1,'权属人管理','房屋调查编号:C34','2021-06-30 03:09:37',NULL),(992,'hacker',1,'权属人管理','房屋调查编号:C35+1','2021-06-30 03:09:37',NULL),(993,'hacker',1,'权属人管理','房屋调查编号:C21','2021-06-30 03:09:37',NULL),(994,'hacker',1,'权属人管理','房屋调查编号:C21左','2021-06-30 03:09:37',NULL),(995,'hacker',1,'权属人管理','房屋调查编号:C21右','2021-06-30 03:09:37',NULL),(996,'hacker',1,'权属人管理','房屋调查编号:C25','2021-06-30 03:09:37',NULL),(997,'hacker',1,'权属人管理','房屋调查编号:北99','2021-06-30 03:09:50',NULL),(998,'hacker',1,'权属人管理','房屋调查编号:北97','2021-06-30 03:09:50',NULL),(999,'hacker',1,'权属人管理','房屋调查编号:北95','2021-06-30 03:09:50',NULL),(1000,'hacker',1,'权属人管理','房屋调查编号:北93','2021-06-30 03:09:50',NULL),(1001,'hacker',1,'权属人管理','房屋调查编号:北91','2021-06-30 03:09:50',NULL),(1002,'hacker',1,'权属人管理','房屋调查编号:北89','2021-06-30 03:09:50',NULL),(1003,'hacker',1,'权属人管理','房屋调查编号:北87','2021-06-30 03:09:50',NULL),(1004,'hacker',1,'权属人管理','房屋调查编号:北85','2021-06-30 03:09:50',NULL),(1005,'hacker',1,'权属人管理','房屋调查编号:北83','2021-06-30 03:09:50',NULL),(1006,'hacker',1,'权属人管理','房屋调查编号:北81','2021-06-30 03:09:50',NULL),(1007,'hacker',1,'权属人管理','房屋调查编号:北79','2021-06-30 03:09:50',NULL),(1008,'hacker',1,'权属人管理','房屋调查编号:北77','2021-06-30 03:09:50',NULL),(1009,'hacker',1,'权属人管理','房屋调查编号:北75','2021-06-30 03:09:50',NULL),(1010,'hacker',1,'权属人管理','房屋调查编号:北73','2021-06-30 03:09:50',NULL),(1011,'hacker',1,'权属人管理','房屋调查编号:北71','2021-06-30 03:09:50',NULL),(1012,'hacker',1,'权属人管理','房屋调查编号:北69','2021-06-30 03:09:50',NULL),(1013,'hacker',1,'权属人管理','房屋调查编号:北67','2021-06-30 03:09:50',NULL),(1014,'hacker',1,'权属人管理','房屋调查编号:北65','2021-06-30 03:09:50',NULL),(1015,'hacker',1,'权属人管理','房屋调查编号:北63 北63+1 \n 北63+2 北63+3','2021-06-30 03:09:50',NULL),(1016,'hacker',1,'权属人管理','房屋调查编号:北61','2021-06-30 03:09:50',NULL),(1017,'hacker',1,'权属人管理','房屋调查编号:北59','2021-06-30 03:09:50',NULL),(1018,'hacker',1,'权属人管理','房屋调查编号:北59+1','2021-06-30 03:09:50',NULL),(1019,'hacker',1,'权属人管理','房屋调查编号:北57','2021-06-30 03:09:50',NULL),(1020,'hacker',1,'权属人管理','房屋调查编号:北55','2021-06-30 03:09:50',NULL),(1021,'hacker',1,'权属人管理','房屋调查编号:北53','2021-06-30 03:09:50',NULL),(1022,'hacker',1,'权属人管理','房屋调查编号:北49','2021-06-30 03:09:50',NULL),(1023,'hacker',1,'权属人管理','房屋调查编号:北43','2021-06-30 03:09:59',NULL),(1024,'hacker',1,'权属人管理','房屋调查编号:北39','2021-06-30 03:09:59',NULL),(1025,'hacker',1,'权属人管理','房屋调查编号:北37','2021-06-30 03:09:59',NULL),(1026,'hacker',1,'权属人管理','房屋调查编号:北35+2','2021-06-30 03:09:59',NULL),(1027,'hacker',1,'权属人管理','房屋调查编号:北35+3','2021-06-30 03:09:59',NULL),(1028,'hacker',1,'权属人管理','房屋调查编号:北35+4','2021-06-30 03:09:59',NULL),(1029,'hacker',1,'权属人管理','房屋调查编号:北35+5','2021-06-30 03:09:59',NULL),(1030,'hacker',1,'权属人管理','房屋调查编号:北35+6','2021-06-30 03:09:59',NULL),(1031,'hacker',1,'权属人管理','房屋调查编号:北35+7','2021-06-30 03:09:59',NULL),(1032,'hacker',1,'权属人管理','房屋调查编号:北35+8','2021-06-30 03:09:59',NULL),(1033,'hacker',1,'权属人管理','房屋调查编号:北35+9','2021-06-30 03:09:59',NULL),(1034,'hacker',1,'权属人管理','房屋调查编号:北35+10','2021-06-30 03:09:59',NULL),(1035,'hacker',1,'权属人管理','房屋调查编号:北35+11','2021-06-30 03:09:59',NULL),(1036,'hacker',1,'权属人管理','房屋调查编号:北35+12','2021-06-30 03:09:59',NULL),(1037,'hacker',1,'权属人管理','房屋调查编号:北35+13','2021-06-30 03:09:59',NULL),(1038,'hacker',1,'权属人管理','房屋调查编号:北33','2021-06-30 03:09:59',NULL),(1039,'hacker',1,'权属人管理','房屋调查编号:北31','2021-06-30 03:09:59',NULL),(1040,'hacker',1,'权属人管理','房屋调查编号:北29','2021-06-30 03:09:59',NULL),(1041,'hacker',1,'权属人管理','房屋调查编号:北27','2021-06-30 03:09:59',NULL),(1042,'hacker',1,'权属人管理','房屋调查编号:北25','2021-06-30 03:09:59',NULL),(1043,'hacker',1,'权属人管理','房屋调查编号:北23','2021-06-30 03:09:59',NULL),(1044,'hacker',1,'权属人管理','房屋调查编号:北17','2021-06-30 03:09:59',NULL),(1045,'hacker',1,'权属人管理','房屋调查编号:北15','2021-06-30 03:09:59',NULL),(1046,'hacker',1,'权属人管理','房屋调查编号:北13','2021-06-30 03:09:59',NULL),(1047,'hacker',1,'权属人管理','房屋调查编号:北11','2021-06-30 03:09:59',NULL),(1048,'hacker',1,'权属人管理','房屋调查编号:北9','2021-06-30 03:09:59',NULL),(1049,'hacker',1,'权属人管理','房屋调查编号:北9+1','2021-06-30 03:09:59',NULL),(1050,'hacker',1,'权属人管理','房屋调查编号:北7','2021-06-30 03:09:59',NULL),(1051,'hacker',1,'权属人管理','房屋调查编号:北5','2021-06-30 03:09:59',NULL),(1052,'hacker',1,'权属人管理','房屋调查编号:6','2021-06-30 03:09:59',NULL),(1053,'hacker',1,'权属人管理','房屋调查编号:7','2021-06-30 03:09:59',NULL),(1054,'hacker',1,'权属人管理','房屋调查编号:1','2021-06-30 03:09:59',NULL),(1055,'hacker',1,'权属人管理','房屋调查编号:2','2021-06-30 03:09:59',NULL),(1056,'hacker',1,'权属人管理','房屋调查编号:C18','2021-06-30 03:40:43',NULL),(1057,'hacker',1,'权属人管理','房屋调查编号:C8','2021-06-30 03:40:43',NULL),(1058,'hacker',1,'权属人管理','房屋调查编号:C9左','2021-06-30 03:40:43',NULL),(1059,'hacker',1,'权属人管理','房屋调查编号:C9右','2021-06-30 03:40:43',NULL),(1060,'hacker',1,'权属人管理','房屋调查编号:C4','2021-06-30 03:40:43',NULL),(1061,'hacker',1,'权属人管理','房屋调查编号:C6','2021-06-30 03:40:43',NULL),(1062,'hacker',1,'权属人管理','房屋调查编号:C7','2021-06-30 03:40:43',NULL),(1063,'hacker',1,'权属人管理','房屋调查编号:C23','2021-06-30 03:40:43',NULL),(1064,'hacker',1,'权属人管理','房屋调查编号:C11','2021-06-30 03:40:43',NULL),(1065,'hacker',1,'权属人管理','房屋调查编号:C12','2021-06-30 03:40:43',NULL),(1066,'hacker',1,'权属人管理','房屋调查编号:CA3','2021-06-30 03:40:43',NULL),(1067,'hacker',1,'权属人管理','房屋调查编号:CA2','2021-06-30 03:40:43',NULL),(1068,'hacker',1,'权属人管理','房屋调查编号:C5','2021-06-30 03:40:43',NULL),(1069,'hacker',1,'权属人管理','房屋调查编号:C16','2021-06-30 03:40:43',NULL),(1070,'hacker',1,'权属人管理','房屋调查编号:C17','2021-06-30 03:40:43',NULL),(1071,'hacker',1,'权属人管理','房屋调查编号:C3','2021-06-30 03:40:43',NULL),(1072,'hacker',1,'权属人管理','房屋调查编号:C1','2021-06-30 03:40:43',NULL),(1073,'hacker',1,'权属人管理','房屋调查编号:C2','2021-06-30 03:40:43',NULL),(1074,'hacker',1,'权属人管理','房屋调查编号:街1','2021-06-30 03:40:43',NULL),(1075,'hacker',1,'权属人管理','房屋调查编号:CA1','2021-06-30 03:40:43',NULL),(1076,'hacker',1,'权属人管理','房屋调查编号:B45','2021-06-30 03:41:06',NULL),(1077,'hacker',1,'权属人管理','房屋调查编号:B44','2021-06-30 03:41:06',NULL),(1078,'hacker',1,'权属人管理','房屋调查编号:B42','2021-06-30 03:41:06',NULL),(1079,'hacker',1,'权属人管理','房屋调查编号:','2021-06-30 03:41:29',NULL),(1080,'hacker',1,'权属人管理','房屋调查编号:95+1','2021-06-30 03:41:29',NULL),(1081,'hacker',1,'权属人管理','房屋调查编号:','2021-06-30 03:41:29',NULL),(1082,'hacker',1,'权属人管理','房屋调查编号:','2021-06-30 03:41:29',NULL),(1083,'hacker',1,'权属人管理','房屋调查编号:','2021-06-30 03:41:29',NULL),(1084,'hacker',1,'权属人管理','房屋调查编号:','2021-06-30 03:41:29',NULL),(1085,'hacker',1,'权属人管理','房屋调查编号:102+1','2021-06-30 03:41:29',NULL),(1086,'hacker',1,'权属人管理','房屋调查编号:','2021-06-30 03:41:29',NULL),(1087,'hacker',1,'权属人管理','房屋调查编号:','2021-06-30 03:41:29',NULL),(1088,'hacker',1,'权属人管理','房屋调查编号:','2021-06-30 03:41:29',NULL),(1089,'hacker',1,'权属人管理','房屋调查编号:','2021-06-30 03:41:29',NULL),(1090,'hacker',1,'权属人管理','房屋调查编号:','2021-06-30 03:41:29',NULL),(1091,'hacker',1,'权属人管理','房屋调查编号:','2021-06-30 03:41:29',NULL),(1092,'hacker',1,'权属人管理','房屋调查编号:','2021-06-30 03:41:29',NULL),(1093,'hacker',1,'权属人管理','房屋调查编号:','2021-06-30 03:41:29',NULL),(1094,'hacker',1,'权属人管理','房屋调查编号:','2021-06-30 03:41:29',NULL),(1095,'hacker',1,'权属人管理','房屋调查编号:','2021-06-30 03:41:29',NULL),(1096,'hacker',1,'权属人管理','房屋调查编号:','2021-06-30 03:41:29',NULL),(1097,'hacker',1,'权属人管理','房屋调查编号:115 115+1','2021-06-30 03:41:29',NULL),(1098,'hacker',1,'权属人管理','房屋调查编号:','2021-06-30 03:41:29',NULL),(1099,'hacker',1,'权属人管理','房屋调查编号:C41','2021-06-30 03:41:45',NULL),(1100,'hacker',1,'权属人管理','房屋调查编号:C42','2021-06-30 03:41:45',NULL),(1101,'hacker',1,'权属人管理','房屋调查编号:C35','2021-06-30 03:41:45',NULL),(1102,'hacker',1,'权属人管理','房屋调查编号:C36','2021-06-30 03:41:45',NULL),(1103,'hacker',1,'权属人管理','房屋调查编号:C37','2021-06-30 03:41:45',NULL),(1104,'hacker',1,'权属人管理','房屋调查编号:C22','2021-06-30 03:41:45',NULL),(1105,'hacker',1,'权属人管理','房屋调查编号:C24左','2021-06-30 03:41:45',NULL),(1106,'hacker',1,'权属人管理','房屋调查编号:C24右','2021-06-30 03:41:45',NULL),(1107,'hacker',1,'权属人管理','房屋调查编号:北19','2021-06-30 03:42:03',NULL),(1108,'hacker',1,'权属人管理','房屋调查编号:北19+2','2021-06-30 03:42:03',NULL),(1109,'hacker',1,'权属人管理','房屋调查编号:北20','2021-06-30 03:42:03',NULL),(1110,'hacker',1,'权属人管理','房屋调查编号:政10','2021-06-30 03:42:03',NULL),(1111,'hacker',1,'权属人管理','房屋调查编号:政3','2021-06-30 03:42:03',NULL),(1112,'hacker',1,'权属人管理','房屋调查编号:政6','2021-06-30 03:42:03',NULL),(1113,'hacker',1,'权属人管理','房屋调查编号:政11、15','2021-06-30 03:42:03',NULL),(1114,'hacker',1,'权属人管理','房屋调查编号:政16','2021-06-30 03:42:03',NULL),(1115,'hacker',1,'权属人管理','房屋调查编号:政17','2021-06-30 03:42:03',NULL),(1116,'hacker',1,'权属人管理','房屋调查编号:政17+1','2021-06-30 03:42:03',NULL),(1117,'hacker',1,'权属人管理','房屋调查编号:政17+2','2021-06-30 03:42:03',NULL),(1118,'hacker',1,'权属人管理','房屋调查编号:北3','2021-06-30 03:42:33',NULL),(1119,'hacker',1,'权属人管理','房屋调查编号:北18','2021-06-30 03:42:33',NULL),(1120,'hacker',1,'权属人管理','房屋调查编号:北18+1','2021-06-30 03:42:33',NULL),(1121,'hacker',1,'权属人管理','房屋调查编号:北18+2','2021-06-30 03:42:33',NULL),(1122,'hacker',1,'权属人管理','房屋调查编号:北18+3','2021-06-30 03:42:33',NULL),(1123,'hacker',1,'权属人管理','房屋调查编号:北19+1','2021-06-30 03:42:33',NULL),(1124,'hacker',1,'权属人管理','房屋调查编号:3','2021-06-30 03:42:33',NULL),(1125,'hacker',1,'权属人管理','房屋调查编号:北35','2021-06-30 03:42:33',NULL),(1126,'hacker',1,'权属人管理','房屋调查编号:北35+1','2021-06-30 03:42:33',NULL),(1127,'hacker',1,'权属人管理','房屋调查编号:北37+1','2021-06-30 03:42:33',NULL),(1128,'hacker',1,'权属人管理','房屋调查编号:北41','2021-06-30 03:42:33',NULL),(1129,'hacker',1,'权属人管理','房屋调查编号:北45','2021-06-30 03:42:33',NULL),(1130,'hacker',1,'权属人管理','房屋调查编号:北47','2021-06-30 03:42:33',NULL),(1131,'hacker',1,'权属人管理','房屋调查编号:北51','2021-06-30 03:42:33',NULL),(1132,'hacker',1,'权属人管理','房屋调查编号:路北、柏张路103','2021-06-30 03:42:33',NULL),(1133,'admin',10,'系统管理','账号：admin登录系统','2021-07-01 10:53:05',NULL),(1134,'admin',10,'系统管理','账号：admin登录系统','2021-07-01 10:59:33',NULL),(1135,'admin',1,'权属人管理','房屋调查编号:北39后','2021-07-01 10:59:44',NULL),(1136,'admin',1,'权属人管理','房屋调查编号:北35+1后','2021-07-01 10:59:44',NULL),(1137,'admin',1,'权属人管理','房屋调查编号:19','2021-07-01 11:03:21',NULL),(1138,'admin',10,'系统管理','账号：admin登录系统','2021-07-01 11:06:27',NULL),(1139,'admin',10,'系统管理','账号：admin登录系统','2021-07-01 11:06:39',NULL),(1140,'admin',10,'系统管理','账号：admin登录系统','2021-07-01 11:07:40',NULL),(1141,'hacker',10,'系统管理','账号：hacker登录系统','2021-07-01 11:09:29',NULL),(1142,'admin',10,'系统管理','账号：admin登录系统','2021-07-01 11:09:41',NULL),(1143,'admin',10,'系统管理','账号：admin登录系统','2021-07-01 11:11:03',NULL),(1144,'admin',10,'系统管理','账号：admin登录系统','2021-07-02 01:44:57',NULL),(1145,'admin',10,'系统管理','账号：admin登录系统','2021-07-02 01:47:19',NULL),(1146,'admin',10,'系统管理','账号：admin登录系统','2021-07-02 02:11:48',NULL),(1147,'kfs',10,'系统管理','账号：kfs登录系统','2021-07-02 02:21:50',NULL),(1148,'admin',10,'系统管理','账号：admin登录系统','2021-07-05 08:50:25',NULL),(1149,'admin',10,'系统管理','账号：admin登录系统','2021-07-05 08:51:26',NULL),(1150,'admin',10,'系统管理','账号：admin登录系统','2021-07-05 08:54:50',NULL),(1151,'admin',10,'系统管理','账号：admin登录系统','2021-07-05 09:18:58',NULL),(1152,'admin',10,'系统管理','账号：admin登录系统','2021-07-05 09:19:39',NULL),(1153,'admin',10,'系统管理','账号：admin登录系统','2021-07-05 09:20:39',NULL),(1154,'admin',10,'系统管理','账号：admin登录系统','2021-07-06 01:44:10',NULL),(1155,'admin',10,'系统管理','账号：admin登录系统','2021-07-06 02:07:40',NULL),(1156,'admin',10,'系统管理','账号：admin登录系统','2021-07-06 02:29:09',NULL),(1157,'admin',10,'系统管理','账号：admin登录系统','2021-07-06 02:32:24',NULL),(1158,'admin',10,'系统管理','账号：admin登录系统','2021-07-06 03:04:39',NULL),(1159,'admin',10,'系统管理','账号：admin登录系统','2021-07-06 03:22:49',NULL),(1160,'admin',10,'系统管理','账号：admin登录系统','2021-07-06 03:38:41',NULL),(1161,'admin ',10,'系统管理','账号：admin 登录系统','2021-07-06 04:14:18',NULL),(1162,'admin',10,'系统管理','账号：admin登录系统','2021-07-06 06:34:20',NULL),(1163,'admin',10,'系统管理','账号：admin登录系统','2021-07-06 08:20:00',NULL),(1164,'admin',10,'系统管理','账号：admin登录系统','2021-07-06 08:30:46',NULL),(1165,'admin',10,'系统管理','账号：admin登录系统','2021-07-06 08:35:18',NULL),(1166,'admin',10,'系统管理','账号：admin登录系统','2021-07-06 08:39:28',NULL),(1167,'admin',10,'系统管理','账号：admin登录系统','2021-07-06 09:06:46',NULL),(1168,'admin',10,'系统管理','账号：admin登录系统','2021-07-06 09:17:51',NULL),(1169,'admin',10,'系统管理','账号：admin登录系统','2021-07-06 09:48:02',NULL),(1170,'escope',10,'系统管理','账号：escope登录系统','2021-07-06 09:48:28',NULL),(1171,'escope',0,'系统管理','账户：escope修改信息','2021-07-06 09:56:13',NULL),(1172,'zhengfu',10,'系统管理','账号：zhengfu登录系统','2021-07-06 09:57:25',NULL),(1173,'escope',10,'系统管理','账号：escope登录系统','2021-07-06 09:58:04',NULL),(1174,'kfs',10,'系统管理','账号：kfs登录系统','2021-07-06 10:15:22',NULL),(1175,'admin',10,'系统管理','账号：admin登录系统','2021-07-06 10:19:25',NULL),(1176,'admin',10,'系统管理','账号：admin登录系统','2021-07-06 10:20:10',NULL),(1177,'admin',10,'系统管理','账号：admin登录系统','2021-07-06 10:21:15',NULL),(1178,'admin',10,'系统管理','账号：admin登录系统','2021-07-06 10:21:26',NULL),(1179,'zhengfu',10,'系统管理','账号：zhengfu登录系统','2021-07-06 10:22:00',NULL),(1180,'zhengfu',10,'系统管理','账号：zhengfu登录系统','2021-07-06 10:23:18',NULL),(1181,'admin',10,'系统管理','账号：admin登录系统','2021-07-06 10:26:25',NULL),(1182,'admin',10,'系统管理','账号：admin登录系统','2021-07-06 10:26:45',NULL),(1183,'admin',10,'系统管理','账号：admin登录系统','2021-07-06 10:27:53',NULL),(1184,'admin',10,'系统管理','账号：admin登录系统','2021-07-06 10:30:12',NULL),(1185,'admin',10,'系统管理','账号：admin登录系统','2021-07-06 10:32:50',NULL),(1186,'admin',10,'系统管理','账号：admin登录系统','2021-07-06 10:37:27',NULL),(1187,'zhengfu',10,'系统管理','账号：zhengfu登录系统','2021-07-06 10:37:53',NULL),(1188,'admin',10,'系统管理','账号：admin登录系统','2021-07-06 10:38:08',NULL),(1189,'zhengfu',10,'系统管理','账号：zhengfu登录系统','2021-07-06 10:39:00',NULL),(1190,'zhengfu',10,'系统管理','账号：zhengfu登录系统','2021-07-06 10:41:22',NULL),(1191,'kfs',10,'系统管理','账号：kfs登录系统','2021-07-06 10:45:04',NULL),(1192,'admin',10,'系统管理','账号：admin登录系统','2021-07-06 10:47:17',NULL),(1193,'kfs',10,'系统管理','账号：kfs登录系统','2021-07-06 10:50:36',NULL),(1194,'admin',10,'系统管理','账号：admin登录系统','2021-07-06 10:53:58',NULL),(1195,'admin',10,'系统管理','账号：admin登录系统','2021-07-06 10:58:00',NULL),(1196,'admin',10,'系统管理','账号：admin登录系统','2021-07-06 11:00:26',NULL),(1197,'admin',10,'系统管理','账号：admin登录系统','2021-07-06 11:06:30',NULL),(1198,'zhengfu',10,'系统管理','账号：zhengfu登录系统','2021-07-06 11:07:53',NULL),(1199,'admin',10,'系统管理','账号：admin登录系统','2021-07-06 11:09:22',NULL),(1200,'zhengfu',10,'系统管理','账号：zhengfu登录系统','2021-07-06 11:10:55',NULL),(1201,'zhengfu',10,'系统管理','账号：zhengfu登录系统','2021-07-06 11:17:08',NULL),(1202,'zhengfu',10,'系统管理','账号：zhengfu登录系统','2021-07-06 11:19:38',NULL),(1203,'admin',10,'系统管理','账号：admin登录系统','2021-07-06 11:23:07',NULL),(1204,'zhengfu',10,'系统管理','账号：zhengfu登录系统','2021-07-06 11:27:08',NULL),(1205,'zhengfu',10,'系统管理','账号：zhengfu登录系统','2021-07-06 11:28:21',NULL),(1206,'zhengfu',10,'系统管理','账号：zhengfu登录系统','2021-07-06 11:30:35',NULL),(1207,'zhengfu',10,'系统管理','账号：zhengfu登录系统','2021-07-06 11:31:51',NULL),(1208,'zhengfu',10,'系统管理','账号：zhengfu登录系统','2021-07-06 11:31:55',NULL),(1209,'zhengfu',10,'系统管理','账号：zhengfu登录系统','2021-07-06 11:33:53',NULL),(1210,'zhengfu',10,'系统管理','账号：zhengfu登录系统','2021-07-06 11:35:59',NULL),(1211,'zhengfu',10,'系统管理','账号：zhengfu登录系统','2021-07-06 11:36:02',NULL),(1212,'zhengfu',10,'系统管理','账号：zhengfu登录系统','2021-07-06 11:37:32',NULL),(1213,'zhengfu',10,'系统管理','账号：zhengfu登录系统','2021-07-06 11:38:39',NULL),(1214,'admin',10,'系统管理','账号：admin登录系统','2021-07-06 11:48:35',NULL),(1215,'zhengfu',10,'系统管理','账号：zhengfu登录系统','2021-07-06 11:50:10',NULL),(1216,'zhengfu',10,'系统管理','账号：zhengfu登录系统','2021-07-06 11:51:35',NULL),(1217,'admin',10,'系统管理','账号：admin登录系统','2021-07-06 12:01:59',NULL),(1218,'admin',10,'系统管理','账号：admin登录系统','2021-07-06 12:02:17',NULL),(1219,'admin',10,'系统管理','账号：admin登录系统','2021-07-06 12:02:36',NULL),(1220,'admin',10,'系统管理','账号：admin登录系统','2021-07-06 12:03:25',NULL),(1221,'admin',10,'系统管理','账号：admin登录系统','2021-07-06 12:03:39',NULL),(1222,'zhengfu',10,'系统管理','账号：zhengfu登录系统','2021-07-06 12:08:33',NULL),(1223,'admin',10,'系统管理','账号：admin登录系统','2021-07-06 12:08:53',NULL),(1224,'admin',10,'系统管理','账号：admin登录系统','2021-07-06 12:12:20',NULL),(1225,'admin',10,'系统管理','账号：admin登录系统','2021-07-06 12:12:24',NULL),(1226,'admin',10,'系统管理','账号：admin登录系统','2021-07-06 12:12:41',NULL),(1227,'admin',10,'系统管理','账号：admin登录系统','2021-07-06 12:17:23',NULL),(1228,'admin',10,'系统管理','账号：admin登录系统','2021-07-06 12:17:43',NULL),(1229,'zhengfu',10,'系统管理','账号：zhengfu登录系统','2021-07-06 12:20:26',NULL),(1230,'admin',10,'系统管理','账号：admin登录系统','2021-07-06 12:23:35',NULL),(1231,'admin',10,'系统管理','账号：admin登录系统','2021-07-06 12:27:15',NULL),(1232,'admin',10,'系统管理','账号：admin登录系统','2021-07-06 12:32:31',NULL),(1233,'admin',10,'系统管理','账号：admin登录系统','2021-07-06 12:33:23',NULL),(1234,'admin',10,'系统管理','账号：admin登录系统','2021-07-06 12:51:25',NULL),(1235,'admin',10,'系统管理','账号：admin登录系统','2021-07-06 16:02:25',NULL),(1236,'admin',10,'系统管理','账号：admin登录系统','2021-07-07 00:34:31',NULL),(1237,'admin',10,'系统管理','账号：admin登录系统','2021-07-07 00:35:49',NULL),(1238,'escope',10,'系统管理','账号：escope登录系统','2021-07-07 01:34:52',NULL),(1239,'admin',10,'系统管理','账号：admin登录系统','2021-07-07 01:52:38',NULL),(1240,'admin',10,'系统管理','账号：admin登录系统','2021-07-07 01:58:57',NULL),(1241,'admin',10,'系统管理','账号：admin登录系统','2021-07-07 02:23:47',NULL),(1242,'admin',10,'系统管理','账号：admin登录系统','2021-07-07 02:24:31',NULL),(1243,'admin',10,'系统管理','账号：admin登录系统','2021-07-07 03:44:54',NULL),(1244,'escope',10,'系统管理','账号：escope登录系统','2021-07-07 09:21:54',NULL),(1245,'admin',10,'系统管理','账号：admin登录系统','2021-07-08 04:12:33',NULL),(1246,'admin',10,'系统管理','账号：admin登录系统','2021-07-08 06:53:38',NULL),(1247,'admin',10,'系统管理','账号：admin登录系统','2021-07-08 07:12:10',NULL),(1248,'admin',10,'系统管理','账号：admin登录系统','2021-07-08 07:13:07',NULL),(1249,'escope',10,'系统管理','账号：escope登录系统','2021-07-08 07:17:22',NULL),(1250,'admin',10,'系统管理','账号：admin登录系统','2021-07-08 07:21:50',NULL),(1251,'admin',10,'系统管理','账号：admin登录系统','2021-07-08 07:39:16',NULL),(1252,'admin',10,'系统管理','账号：admin登录系统','2021-07-08 07:40:04',NULL),(1253,'admin',10,'系统管理','账号：admin登录系统','2021-07-08 07:41:35',NULL),(1254,'admin',10,'系统管理','账号：admin登录系统','2021-07-08 07:42:48',NULL),(1255,'admin',10,'系统管理','账号：admin登录系统','2021-07-08 07:43:01',NULL),(1256,'admin',10,'系统管理','账号：admin登录系统','2021-07-08 07:45:06',NULL),(1257,'admin',10,'系统管理','账号：admin登录系统','2021-07-08 08:03:26',NULL),(1258,'admin',10,'系统管理','账号：admin登录系统','2021-07-13 01:58:59',NULL),(1259,'admin',10,'系统管理','账号：admin登录系统','2021-07-13 02:21:06',NULL),(1260,'admin',10,'系统管理','账号：admin登录系统','2021-07-14 01:48:17',NULL),(1261,'admin',10,'系统管理','账号：admin登录系统','2021-07-14 03:20:32',NULL),(1262,'admin',10,'系统管理','账号：admin登录系统','2021-07-14 06:03:39',NULL),(1263,'admin',10,'系统管理','账号：admin登录系统','2021-07-14 06:50:52',NULL),(1264,'escope',10,'系统管理','账号：escope登录系统','2021-07-14 07:10:03',NULL),(1265,'escope',10,'系统管理','账号：escope登录系统','2021-07-14 07:47:29',NULL),(1266,'admin',10,'系统管理','账号：admin登录系统','2021-07-14 07:55:52',NULL),(1267,'admin',10,'系统管理','账号：admin登录系统','2021-07-14 08:10:06',NULL),(1268,'admin',10,'系统管理','账号：admin登录系统','2021-07-14 09:19:41',NULL),(1269,'admin',10,'系统管理','账号：admin登录系统','2021-07-15 03:43:38',NULL),(1270,'admin',10,'系统管理','账号：admin登录系统','2021-07-15 07:15:52',NULL),(1271,'admin',10,'系统管理','账号：admin登录系统','2021-07-15 07:16:51',NULL),(1272,'admin',10,'系统管理','账号：admin登录系统','2021-07-15 07:48:27',NULL),(1273,'kfs',10,'系统管理','账号：kfs登录系统','2021-07-15 07:54:13',NULL),(1274,'admin',10,'系统管理','账号：admin登录系统','2021-07-15 08:03:37',NULL),(1275,'admin',10,'系统管理','账号：admin登录系统','2021-07-15 08:06:16',NULL),(1276,'admin',10,'系统管理','账号：admin登录系统','2021-07-15 08:40:58',NULL),(1277,'admin',10,'系统管理','账号：admin登录系统','2021-07-15 09:19:19',NULL),(1278,'admin',10,'系统管理','账号：admin登录系统','2021-07-15 09:20:06',NULL),(1279,'admin',10,'系统管理','账号：admin登录系统','2021-07-15 10:05:30',NULL),(1280,'admin',10,'系统管理','账号：admin登录系统','2021-07-16 02:18:59',NULL),(1281,'admin',10,'系统管理','账号：admin登录系统','2021-07-16 02:18:59',NULL),(1282,'admin',10,'系统管理','账号：admin登录系统','2021-07-16 02:19:01',NULL),(1283,'admin',10,'系统管理','账号：admin登录系统','2021-07-16 02:25:36',NULL),(1284,'kfs',10,'系统管理','账号：kfs登录系统','2021-07-16 04:01:38',NULL),(1285,'kfs',1,'权属人管理','房屋调查编号:N123','2021-07-16 04:01:47',NULL),(1286,'kfs',10,'系统管理','账号：kfs登录系统','2021-07-16 04:03:59',NULL),(1287,'kfs',0,'权属人管理','房屋调查编号:N123','2021-07-16 04:04:54',NULL),(1288,'kfs',-1,'权属人管理','房屋调查编号:N123','2021-07-16 04:05:20',NULL),(1289,'kfs',1,'权属人管理','房屋调查编号:N123','2021-07-16 04:05:24',NULL),(1290,'kfs',10,'系统管理','账号：kfs登录系统','2021-07-16 04:38:17',NULL),(1291,'kfs',-1,'权属人管理','房屋调查编号:N123','2021-07-16 04:38:25',NULL),(1292,'kfs',1,'权属人管理','房屋调查编号:N123','2021-07-16 04:38:31',NULL),(1293,'kfs',10,'系统管理','账号：kfs登录系统','2021-07-16 04:45:37',NULL),(1294,'kfs',10,'系统管理','账号：kfs登录系统','2021-07-16 04:49:34',NULL),(1295,'kfs',10,'系统管理','账号：kfs登录系统','2021-07-16 04:53:52',NULL),(1296,'kfs',10,'系统管理','账号：kfs登录系统','2021-07-16 04:56:38',NULL),(1297,'kfs',10,'系统管理','账号：kfs登录系统','2021-07-16 04:58:14',NULL),(1298,'kfs',10,'系统管理','账号：kfs登录系统','2021-07-16 05:01:54',NULL),(1299,'kfs',0,'权属人管理','房屋调查编号:N123','2021-07-16 05:02:10',NULL),(1300,'kfs',-1,'权属人管理','房屋调查编号:N123','2021-07-16 05:03:04',NULL),(1301,'kfs',1,'权属人管理','房屋调查编号:N123','2021-07-16 05:03:07',NULL),(1302,'kfs',0,'权属人管理','房屋调查编号:N123','2021-07-16 05:05:04',NULL),(1303,'kfs',10,'系统管理','账号：kfs登录系统','2021-07-16 06:10:45',NULL),(1304,'kfs',0,'权属人管理','房屋调查编号:N123','2021-07-16 06:11:42',NULL),(1305,'kfs',0,'权属人管理','房屋调查编号:N123','2021-07-16 06:11:45',NULL),(1306,'kfs',-1,'权属人管理','房屋调查编号:N123','2021-07-16 06:11:57',NULL),(1307,'kfs',1,'权属人管理','房屋调查编号:N123','2021-07-16 06:12:03',NULL),(1308,'kfs',0,'权属人管理','房屋调查编号:N123','2021-07-16 06:12:26',NULL),(1309,'kfs',0,'权属人管理','房屋调查编号:N123','2021-07-16 06:13:37',NULL),(1310,'kfs',0,'权属人管理','房屋调查编号:N123','2021-07-16 06:14:16',NULL),(1311,'kfs',0,'权属人管理','房屋调查编号:N123','2021-07-16 06:15:57',NULL),(1312,'kfs',10,'系统管理','账号：kfs登录系统','2021-07-16 06:17:49',NULL),(1313,'kfs',0,'权属人管理','房屋调查编号:N123','2021-07-16 06:21:16',NULL),(1314,'kfs',0,'权属人管理','房屋调查编号:N123','2021-07-16 06:21:56',NULL),(1315,'kfs',10,'系统管理','账号：kfs登录系统','2021-07-16 06:22:58',NULL),(1316,'kfs',-1,'权属人管理','房屋调查编号:N123','2021-07-16 06:23:06',NULL),(1317,'kfs',1,'权属人管理','房屋调查编号:N123','2021-07-16 06:23:10',NULL),(1318,'kfs',0,'权属人管理','房屋调查编号:N123','2021-07-16 06:23:32',NULL),(1319,'kfs',10,'系统管理','账号：kfs登录系统','2021-07-16 06:24:43',NULL),(1320,'kfs',10,'系统管理','账号：kfs登录系统','2021-07-16 06:25:27',NULL),(1321,'kfs',10,'系统管理','账号：kfs登录系统','2021-07-16 06:26:27',NULL),(1322,'admin',10,'系统管理','账号：admin登录系统','2021-07-16 06:34:07',NULL),(1323,'admin',0,'权属人管理','房屋调查编号:N123','2021-07-16 06:47:13',NULL),(1324,'admin',0,'权属人管理','房屋调查编号:19','2021-07-16 06:47:16',NULL),(1325,'admin',11,'系统管理','账户：admin退出系统','2021-07-16 07:05:55',NULL),(1326,'admin',10,'系统管理','账号：admin登录系统','2021-07-16 07:06:45',NULL),(1327,'admin',10,'系统管理','账号：admin登录系统','2021-07-16 07:16:44',NULL),(1328,'admin',0,'权属人管理','房屋调查编号:19','2021-07-16 07:23:10',NULL),(1329,'admin',0,'权属人管理','房屋调查编号:19','2021-07-16 07:23:15',NULL);


DROP TABLE IF EXISTS `sys_param`;
CREATE TABLE `sys_param` (
  `code` varchar(255) NOT NULL DEFAULT '' COMMENT '参数编号',
  `value` varchar(255) DEFAULT NULL COMMENT '值',
  `name` varchar(255) DEFAULT NULL COMMENT '参数名称',
  `unit` varchar(255) DEFAULT NULL COMMENT '单位',
  `bdelete` varchar(1) DEFAULT '0',
  PRIMARY KEY (`code`)
) ENGINE=MyISAM AUTO_INCREMENT=7 DEFAULT CHARSET=utf8 COMMENT='系统参数';


INSERT INTO `sys_param` VALUES ('error_login','3','错误登录','次','0'),('error_login_lock_time','3','锁定时间','分钟','0'),('login_timeout','5','系统超时','分钟','0');




DROP TABLE IF EXISTS `sys_role`;
CREATE TABLE `sys_role` (
  `Id` int(11) NOT NULL AUTO_INCREMENT,
  `name` varchar(50) DEFAULT NULL COMMENT '名称',
  `level` int(4) DEFAULT NULL COMMENT '角色等级，等级确定权限',
  `bdelete` char(1) DEFAULT '0',
  PRIMARY KEY (`Id`)
) ENGINE=MyISAM AUTO_INCREMENT=3 DEFAULT CHARSET=utf8 ROW_FORMAT=COMPACT COMMENT='系统角色';

INSERT INTO `sys_role` VALUES (1,'管理员',1,'0'),(2,'普通用户',2,'0');



DROP TABLE IF EXISTS `sys_role_button`;
CREATE TABLE `sys_role_button` (
  `id` int(11) NOT NULL AUTO_INCREMENT COMMENT '主键ID',
  `menu_code` varchar(225) NOT NULL DEFAULT '0' COMMENT '菜单code',
  `role_id` int(11) NOT NULL DEFAULT '0' COMMENT '角色ID',
  `create_flag` varchar(1) DEFAULT NULL COMMENT '新增',
  `update_flag` varchar(1) DEFAULT NULL COMMENT '修改',
  `auth_flag` varchar(1) DEFAULT NULL COMMENT '审核/审批',
  `del_flag` varchar(1) DEFAULT NULL COMMENT '删除',
  `query_flag` varchar(1) DEFAULT NULL COMMENT '查询',
  `custom` varchar(1000) DEFAULT NULL COMMENT '自定义权限',
  `print_flag` varchar(1) DEFAULT NULL COMMENT '打印',
  `upload_flag` varchar(1) DEFAULT NULL COMMENT '上传',
  `download_flag` varchar(1) DEFAULT NULL COMMENT '下载/导出报表',
  `create_user` int(11) DEFAULT '0' COMMENT '录入人ID',
  `create_time` datetime DEFAULT NULL COMMENT '录入时间',
  `update_user` int(11) DEFAULT '0' COMMENT '修改人ID',
  `update_time` datetime DEFAULT NULL COMMENT '修改时间',
  `bdelete` varchar(1) NOT NULL DEFAULT '0' COMMENT '是否删除标记',
  PRIMARY KEY (`id`)
) ENGINE=InnoDB AUTO_INCREMENT=25 DEFAULT CHARSET=utf8 ROW_FORMAT=COMPACT COMMENT='菜单按键权限表';

INSERT INTO `sys_role_button` VALUES (1,'home',1,'1','1','1','1','1','1','1','1','1',1,'2021-06-25 10:31:12',0,NULL,'0'),(2,'owner',1,'1','1','1','1','1','1','1','1','1',1,'2021-06-25 10:31:12',0,NULL,'0'),(3,'resettle',1,'1','1','1','1','1','1','1','1','1',1,'2021-06-25 10:31:12',0,NULL,'0'),(4,'transport',1,'1','1','1','1','1','1','1','1','1',1,'2021-06-25 10:31:12',0,NULL,'0'),(5,'archive',1,'1','1','1','1','1','1','1','1','1',1,'2021-06-25 10:31:12',0,NULL,'0'),(6,'setting',1,'1','1','1','1','1','1','1','1','1',1,'2021-06-25 10:31:12',0,NULL,'0'),(7,'user',1,'1','1','1','1','1','1','1','1','1',1,'2021-06-25 10:31:12',0,NULL,'0'),(8,'permission',1,'1','1','1','1','1','1','1','1','1',1,'2021-06-25 10:31:12',0,NULL,'0'),(9,'security',1,'1','1','1','1','1','1','1','1','1',1,'2021-06-25 10:31:12',0,NULL,'0'),(10,'log',1,'1','1','1','1','1','1','1','1','1',1,'2021-06-25 10:31:12',0,NULL,'0'),(20,'home',2,NULL,NULL,NULL,NULL,'1',NULL,NULL,NULL,'1',1,'2021-06-25 10:31:12',0,NULL,'0'),(21,'owner',2,NULL,NULL,NULL,NULL,'1',NULL,NULL,NULL,'1',1,'2021-06-25 10:31:12',0,NULL,'0'),(22,'resettle',2,NULL,NULL,NULL,NULL,'1',NULL,NULL,NULL,'1',1,'2021-06-25 10:31:12',0,NULL,'0'),(23,'transport',2,NULL,NULL,NULL,NULL,'1',NULL,NULL,NULL,'1',1,'2021-06-25 10:31:12',0,NULL,'0'),(24,'archive',2,NULL,NULL,NULL,NULL,'1',NULL,NULL,NULL,'1',1,'2021-06-25 10:31:12',0,NULL,'0');




DROP TABLE IF EXISTS `sys_user`;
CREATE TABLE `sys_user` (
  `Id` int(11) NOT NULL AUTO_INCREMENT,
  `org_id` int(11) DEFAULT NULL COMMENT '机构id',
  `dep_id` int(11) DEFAULT NULL COMMENT '部门',
  `user_code` varchar(50) NOT NULL DEFAULT '',
  `password` varchar(255) NOT NULL DEFAULT '',
  `role_id` int(11) DEFAULT NULL,
  `nick_name` varchar(50) DEFAULT NULL,
  `avatar` varchar(255) DEFAULT NULL,
  `telephone` varchar(15) DEFAULT NULL COMMENT '手机号码',
  `rmk` varchar(255) DEFAULT NULL COMMENT '备注',
  `last_visit` timestamp NULL DEFAULT NULL,
  `create_user` int(11) DEFAULT NULL,
  `create_time` timestamp NULL DEFAULT NULL,
  `update_user` int(11) DEFAULT NULL,
  `update_time` timestamp NULL DEFAULT NULL,
  `bdelete` char(1) DEFAULT '0',
  PRIMARY KEY (`Id`),
  UNIQUE KEY `user_code` (`user_code`)
) ENGINE=MyISAM AUTO_INCREMENT=7 DEFAULT CHARSET=utf8 ROW_FORMAT=COMPACT COMMENT='系统用户表';

INSERT INTO `sys_user` VALUES (1,1,1,'admin','e10adc3949ba59abbe56e057f20f883e',1,'系统管理员',NULL,NULL,NULL,NULL,NULL,NULL,NULL,NULL,'0'),(2,1,1,'user','e10adc3949ba59abbe56e057f20f883e',2,'用户1','',NULL,NULL,NULL,NULL,NULL,NULL,NULL,'0'),(3,1,1,'kfs','e10adc3949ba59abbe56e057f20f883e',1,'发商账号',NULL,NULL,NULL,NULL,NULL,NULL,NULL,NULL,'0'),(4,1,1,'zhengfu','e10adc3949ba59abbe56e057f20f883e',2,'政府','',NULL,NULL,NULL,NULL,NULL,NULL,NULL,'0'),(6,1,1,'escope','0653da6654af5c84498c4a39521824f5',1,'易景','','15827618586','易景',NULL,NULL,NULL,NULL,NULL,'0');



